/*
 Navicat Premium Data Transfer

 Source Server         : localhost_3306
 Source Server Type    : MySQL
 Source Server Version : 80023
 Source Host           : localhost:3306
 Source Schema         : smarthr

 Target Server Type    : MySQL
 Target Server Version : 80023
 File Encoding         : 65001

 Date: 15/07/2022 11:37:22
*/

SET NAMES utf8mb4;
SET FOREIGN_KEY_CHECKS = 0;

-- ----------------------------
-- Table structure for adjust_salary
-- ----------------------------
DROP TABLE IF EXISTS `adjust_salary`;
CREATE TABLE `adjust_salary`  (
  `id` int(0) NOT NULL AUTO_INCREMENT,
  `eid` int(0) NULL DEFAULT NULL COMMENT '员工id',
  `asDate` date NULL DEFAULT NULL COMMENT '调薪日期',
  `beforeSalary` int(0) NULL DEFAULT NULL COMMENT '调前薪资',
  `afterSalary` int(0) NULL DEFAULT NULL COMMENT '调后薪资',
  `reason` varchar(255) CHARACTER SET utf8 COLLATE utf8_general_ci NULL DEFAULT NULL COMMENT '调薪原因',
  `remark` varchar(255) CHARACTER SET utf8 COLLATE utf8_general_ci NULL DEFAULT NULL COMMENT '备注',
  PRIMARY KEY (`id`) USING BTREE,
  INDEX `pid`(`eid`) USING BTREE,
  CONSTRAINT `adjust_salary_ibfk_1` FOREIGN KEY (`eid`) REFERENCES `employee` (`id`) ON DELETE RESTRICT ON UPDATE RESTRICT
) ENGINE = InnoDB AUTO_INCREMENT = 1 CHARACTER SET = utf8 COLLATE = utf8_general_ci COMMENT = '员工调薪表' ROW_FORMAT = Dynamic;

-- ----------------------------
-- Records of adjust_salary
-- ----------------------------
INSERT INTO `adjust_salary` VALUES (1, 1942, '2020-08-01', 5000, 8000, '获奖', '互联网+');

-- ----------------------------
-- Table structure for department
-- ----------------------------
DROP TABLE IF EXISTS `department`;
CREATE TABLE `department`  (
  `id` int(0) NOT NULL AUTO_INCREMENT,
  `name` varchar(32) CHARACTER SET utf8 COLLATE utf8_general_ci NULL DEFAULT NULL COMMENT '部门名称',
  `parentId` int(0) NULL DEFAULT NULL COMMENT '父部门id',
  `depPath` varchar(255) CHARACTER SET utf8 COLLATE utf8_general_ci NULL DEFAULT NULL COMMENT '部门路径',
  `enabled` tinyint(1) NULL DEFAULT 1 COMMENT '是否启用 0禁用 1启用',
  `isParent` tinyint(1) NULL DEFAULT 0 COMMENT '是否为父部门 0否 1是',
  PRIMARY KEY (`id`) USING BTREE
) ENGINE = InnoDB AUTO_INCREMENT = 93 CHARACTER SET = utf8 COLLATE = utf8_general_ci COMMENT = '部门表' ROW_FORMAT = Dynamic;

-- ----------------------------
-- Records of department
-- ----------------------------
INSERT INTO `department` VALUES (1, '股东会', -1, '.1', 1, 1);
INSERT INTO `department` VALUES (4, '董事会', 1, '.1.4', 1, 1);
INSERT INTO `department` VALUES (5, '总办', 4, '.1.4.5', 1, 1);
INSERT INTO `department` VALUES (8, '财务部', 5, '.1.4.5.8', 1, 0);
INSERT INTO `department` VALUES (78, '市场部', 5, '.1.4.5.78', 1, 1);
INSERT INTO `department` VALUES (81, '华北市场部', 78, '.1.4.5.78.81', 1, 1);
INSERT INTO `department` VALUES (82, '华南市场部', 78, '.1.4.5.78.82', 1, 0);
INSERT INTO `department` VALUES (85, '石家庄市场部', 81, '.1.4.5.78.81.85', 1, 0);
INSERT INTO `department` VALUES (86, '西北市场部', 78, '.1.4.5.78.86', 1, 1);
INSERT INTO `department` VALUES (87, '西安市场', 86, '.1.4.5.78.86.87', 1, 1);
INSERT INTO `department` VALUES (89, '莲湖区市场', 87, '.1.4.5.78.86.87.89', 1, 0);
INSERT INTO `department` VALUES (91, '技术部', 5, '.1.4.5.91', 1, 0);
INSERT INTO `department` VALUES (92, '运维部', 5, '.1.4.5.92', 1, 1);
INSERT INTO `department` VALUES (93, '运维1部', 92, '.1.4.5.92.93', 1, 0);

-- ----------------------------
-- Table structure for ec_rule
-- ----------------------------
DROP TABLE IF EXISTS `ec_rule`;
CREATE TABLE `ec_rule`  (
  `id` int(0) NOT NULL AUTO_INCREMENT,
  `ecType` int(0) NULL DEFAULT NULL COMMENT '奖罚类别，0：奖，1：罚',
  `ecPoint` int(0) NULL DEFAULT NULL COMMENT '奖罚积分',
  `ecReason` varchar(255) CHARACTER SET utf8 COLLATE utf8_general_ci NULL DEFAULT NULL COMMENT '奖罚原因',
  PRIMARY KEY (`id`) USING BTREE
) ENGINE = InnoDB AUTO_INCREMENT = 19 CHARACTER SET = utf8 COLLATE = utf8_general_ci COMMENT = '奖惩规则' ROW_FORMAT = Dynamic;

-- ----------------------------
-- Records of ec_rule
-- ----------------------------
INSERT INTO `ec_rule` VALUES (1, 0, 100, '满勤');
INSERT INTO `ec_rule` VALUES (2, 0, 100, '好人好事');
INSERT INTO `ec_rule` VALUES (3, 0, 100, '优秀员工');
INSERT INTO `ec_rule` VALUES (4, 0, 100, '获奖');
INSERT INTO `ec_rule` VALUES (5, 1, -10, '迟到');
INSERT INTO `ec_rule` VALUES (6, 1, -10, '早退');
INSERT INTO `ec_rule` VALUES (7, 1, -50, '旷工');
INSERT INTO `ec_rule` VALUES (8, 0, 100, '生日福利');
INSERT INTO `ec_rule` VALUES (19, 0, 50, 'tttt');

-- ----------------------------
-- Table structure for employee
-- ----------------------------
DROP TABLE IF EXISTS `employee`;
CREATE TABLE `employee`  (
  `id` int(0) NOT NULL AUTO_INCREMENT COMMENT '员工编号',
  `name` varchar(10) CHARACTER SET utf8 COLLATE utf8_general_ci NULL DEFAULT NULL COMMENT '员工姓名',
  `gender` char(4) CHARACTER SET utf8 COLLATE utf8_general_ci NULL DEFAULT NULL COMMENT '性别',
  `birthday` date NULL DEFAULT NULL COMMENT '出生日期',
  `idCard` char(18) CHARACTER SET utf8 COLLATE utf8_general_ci NULL DEFAULT NULL COMMENT '身份证号',
  `wedlock` enum('已婚','未婚','离异') CHARACTER SET utf8 COLLATE utf8_general_ci NULL DEFAULT NULL COMMENT '婚姻状况',
  `nationId` int(0) NULL DEFAULT NULL COMMENT '民族',
  `nativePlace` varchar(20) CHARACTER SET utf8 COLLATE utf8_general_ci NULL DEFAULT NULL COMMENT '籍贯',
  `politicId` int(0) NULL DEFAULT NULL COMMENT '政治面貌',
  `email` varchar(20) CHARACTER SET utf8 COLLATE utf8_general_ci NULL DEFAULT NULL COMMENT '邮箱',
  `phone` varchar(11) CHARACTER SET utf8 COLLATE utf8_general_ci NULL DEFAULT NULL COMMENT '电话号码',
  `address` varchar(64) CHARACTER SET utf8 COLLATE utf8_general_ci NULL DEFAULT NULL COMMENT '联系地址',
  `departmentId` int(0) NULL DEFAULT NULL COMMENT '所属部门',
  `jobLevelId` int(0) NULL DEFAULT NULL COMMENT '职称ID',
  `posId` int(0) NULL DEFAULT NULL COMMENT '职位ID',
  `engageForm` varchar(8) CHARACTER SET utf8 COLLATE utf8_general_ci NULL DEFAULT NULL COMMENT '聘用形式',
  `tiptopDegree` enum('博士','硕士','本科','大专','高中','初中','小学','其他') CHARACTER SET utf8 COLLATE utf8_general_ci NULL DEFAULT NULL COMMENT '最高学历',
  `specialty` varchar(32) CHARACTER SET utf8 COLLATE utf8_general_ci NULL DEFAULT NULL COMMENT '所属专业',
  `school` varchar(32) CHARACTER SET utf8 COLLATE utf8_general_ci NULL DEFAULT NULL COMMENT '毕业院校',
  `beginDate` date NULL DEFAULT NULL COMMENT '入职日期',
  `workState` enum('在职','离职') CHARACTER SET utf8 COLLATE utf8_general_ci NULL DEFAULT '在职' COMMENT '在职状态',
  `workID` char(8) CHARACTER SET utf8 COLLATE utf8_general_ci NULL DEFAULT NULL COMMENT '工号',
  `contractTerm` double NULL DEFAULT NULL COMMENT '合同期限',
  `conversionTime` date NULL DEFAULT NULL COMMENT '转正日期',
  `notWorkDate` date NULL DEFAULT NULL COMMENT '离职日期',
  `beginContract` date NULL DEFAULT NULL COMMENT '合同起始日期',
  `endContract` date NULL DEFAULT NULL COMMENT '合同终止日期',
  `workAge` int(0) NULL DEFAULT NULL COMMENT '工龄',
  PRIMARY KEY (`id`) USING BTREE,
  INDEX `departmentId`(`departmentId`) USING BTREE,
  INDEX `jobId`(`jobLevelId`) USING BTREE,
  INDEX `dutyId`(`posId`) USING BTREE,
  INDEX `nationId`(`nationId`) USING BTREE,
  INDEX `politicId`(`politicId`) USING BTREE,
  INDEX `workID_key`(`workID`) USING BTREE,
  CONSTRAINT `employee_ibfk_1` FOREIGN KEY (`departmentId`) REFERENCES `department` (`id`) ON DELETE RESTRICT ON UPDATE RESTRICT,
  CONSTRAINT `employee_ibfk_2` FOREIGN KEY (`jobLevelId`) REFERENCES `job_level` (`id`) ON DELETE RESTRICT ON UPDATE RESTRICT,
  CONSTRAINT `employee_ibfk_3` FOREIGN KEY (`posId`) REFERENCES `position` (`id`) ON DELETE RESTRICT ON UPDATE RESTRICT,
  CONSTRAINT `employee_ibfk_4` FOREIGN KEY (`nationId`) REFERENCES `nation` (`id`) ON DELETE RESTRICT ON UPDATE RESTRICT,
  CONSTRAINT `employee_ibfk_5` FOREIGN KEY (`politicId`) REFERENCES `politics_status` (`id`) ON DELETE RESTRICT ON UPDATE RESTRICT
) ENGINE = InnoDB AUTO_INCREMENT = 1945 CHARACTER SET = utf8 COLLATE = utf8_general_ci COMMENT = '员工基本资料' ROW_FORMAT = Dynamic;

-- ----------------------------
-- Records of employee
-- ----------------------------
INSERT INTO `employee` VALUES (2, '陈静', '女', '1989-02-01', '421288198902011234', '已婚', 1, '福建', 1, 'chenjing@qq.com', '18795556693', '海南省海口市美兰区', 78, 12, 31, '劳动合同', '高中', '市场营销', '武汉大学', '2015-06-09', '在职', '00000002', 3, '2015-09-10', NULL, '2015-06-09', '2018-06-08', NULL);
INSERT INTO `employee` VALUES (3, '赵琳浩', '男', '1993-03-04', '610122199303041456', '未婚', 1, '陕西', 3, 'zhao@qq.com', '15698887795', '陕西省西安市莲湖区', 92, 12, 34, '劳动合同', '博士', '电子工程', '哈尔滨理工大学', '2018-01-01', '在职', '00000003', 3.5, '2018-04-01', NULL, '2018-01-01', '2021-07-14', NULL);
INSERT INTO `employee` VALUES (4, '鹿存亮', '男', '1990-01-03', '610122199001031456', '已婚', 1, '陕西', 3, 'zhao@qq.com', '15612347795', '陕西省西安市莲湖区', 92, 12, 34, '劳动合同', '高中', '电子工程', '哈尔滨理工大学', '2018-01-01', '在职', '00000004', 3.5, '2018-04-01', NULL, '2018-01-01', '2021-07-14', NULL);
INSERT INTO `employee` VALUES (5, '姚森', '男', '1991-02-05', '610122199102058952', '已婚', 1, '河南', 3, 'yaosen@qq.com', '14785559936', '河南洛阳人民大道58号', 92, 15, 34, '劳动合同', '硕士', '室内装修设计', '西北大学', '2017-01-02', '在职', '00000005', 7, '2017-04-02', NULL, '2017-01-02', '2024-01-17', NULL);
INSERT INTO `employee` VALUES (6, '云星', '女', '1993-01-05', '610122199301054789', '已婚', 1, '福建', 1, 'yunxing@qq.com', '15644442252', '陕西西安新城区', 92, 16, 34, '劳务合同', '硕士', '通信工程', '西安电子科技学校', '2018-01-01', '在职', '00000006', 5.25, '2018-04-01', NULL, '2018-01-01', '2023-04-13', NULL);
INSERT INTO `employee` VALUES (7, '贾旭明', '男', '1993-11-11', '610122199311111234', '已婚', 1, '上海', 4, 'jiaxuming@qq.com', '15644441234', '广东省广州市天河区冼村路', 78, 15, 33, '劳务合同', '初中', '通信工程', '西北大学', '2018-01-01', '在职', '00000007', 5.25, '2018-04-01', NULL, '2018-01-01', '2023-04-13', NULL);
INSERT INTO `employee` VALUES (8, '张黎明', '男', '1991-02-01', '610144199102014569', '已婚', 1, '广东', 6, 'zhangliming@qq.com', '18979994478', '广东珠海', 91, 15, 33, '劳动合同', '高中', '考古', '清华大学', '2018-01-01', '在职', '00000008', 7, '2018-04-01', NULL, '2018-01-01', '2025-01-30', NULL);
INSERT INTO `employee` VALUES (9, '薛磊', '男', '1992-07-01', '610144199207017895', '已婚', 1, '湖北', 13, 'xuelei@qq.com', '15648887741', '西安市雁塔区', 92, 14, 34, '劳动合同', '初中', '无', '华胥中学', '2018-01-01', '在职', '00000009', 6, '2018-04-01', NULL, '2018-01-01', '2024-01-17', NULL);
INSERT INTO `employee` VALUES (10, '张洁', '女', '1990-10-09', '420177199010093652', '未婚', 1, '海南', 5, 'zhangjie@qq.com', '13695557742', '海口市美兰区', 92, 16, 34, '劳动合同', '高中', '无', '海南侨中', '2018-01-01', '在职', '00000010', 1, '2018-01-31', NULL, '2018-01-01', '2019-01-01', NULL);
INSERT INTO `employee` VALUES (11, '江小白', '男', '1990-01-01', '610122199001011256', '已婚', 1, '陕西', 13, 'laowang@qq.com', '18565558897', '四川省成都', 91, 9, 29, '劳动合同', '本科', '信息管理与信息系统', '深圳大学', '2018-01-01', '在职', '00000011', 1, '2018-04-01', NULL, '2018-01-01', '2019-01-01', NULL);
INSERT INTO `employee` VALUES (13, '赵琳浩2', '男', '1993-03-04', '610122199303041456', '未婚', 1, '陕西', 3, 'zhao@qq.com', '15698887795', '陕西省西安市莲湖区', 91, 12, 33, '劳动合同', '博士', '电子工程', '哈尔滨理工大学', '2018-01-01', '在职', '00000013', 3.5, '2018-04-01', NULL, '2018-01-01', '2021-07-14', NULL);
INSERT INTO `employee` VALUES (14, '鹿存亮2', '男', '1990-01-03', '610122199001031456', '已婚', 1, '陕西', 3, 'zhao@qq.com', '15612347795', '陕西省西安市莲湖区', 92, 12, 34, '劳动合同', '高中', '电子工程', '哈尔滨理工大学', '2018-01-01', '在职', '00000014', 3.5, '2018-04-01', NULL, '2018-01-01', '2021-07-14', NULL);
INSERT INTO `employee` VALUES (15, '姚森2', '男', '1991-02-05', '610122199102058952', '已婚', 1, '河南', 3, 'yaosen@qq.com', '14785559936', '河南洛阳人民大道58号', 92, 15, 34, '劳动合同', '初中', '室内装修设计', '西北大学', '2017-01-02', '在职', '00000015', 7, '2017-04-02', NULL, '2017-01-02', '2024-01-17', NULL);
INSERT INTO `employee` VALUES (16, '云星2', '女', '1993-01-05', '610122199301054789', '已婚', 1, '福建', 1, 'yunxing@qq.com', '15644442252', '陕西西安新城区', 92, 16, 34, '劳务合同', '硕士', '通信工程', '西安电子科技学校', '2018-01-01', '在职', '00000016', 5.25, '2018-04-01', NULL, '2018-01-01', '2023-04-13', NULL);
INSERT INTO `employee` VALUES (17, '贾旭明2', '男', '1993-11-11', '610122199311111234', '已婚', 1, '上海', 4, 'jiaxuming@qq.com', '15644441234', '广东省广州市天河区冼村路', 78, 15, 33, '劳务合同', '初中', '通信工程', '西北大学', '2018-01-01', '在职', '00000017', 5.25, '2018-04-01', NULL, '2018-01-01', '2023-04-13', NULL);
INSERT INTO `employee` VALUES (18, '王一亭', '男', '1991-02-01', '610144199102014569', '已婚', 1, '广东', 6, 'zhangliming@qq.com', '18979994478', '广东珠海', 91, 15, 33, '劳动合同', '高中', '考古', '清华大学', '2018-01-01', '在职', '00000018', 7, '2018-04-01', NULL, '2018-01-01', '2025-01-30', NULL);
INSERT INTO `employee` VALUES (19, '薛磊2', '男', '1992-07-01', '610144199207017895', '已婚', 1, '湖北', 13, 'xuelei@qq.com', '15648887741', '西安市雁塔区', 92, 14, 34, '劳动合同', '初中', '无', '华胥中学', '2018-01-01', '在职', '00000019', 1, '2018-04-01', NULL, '2018-01-01', '2019-01-01', NULL);
INSERT INTO `employee` VALUES (20, '张洁2', '女', '1990-10-09', '420177199010093652', '未婚', 1, '海南', 5, 'zhangjie@qq.com', '13695557742', '海口市美兰区', 92, 16, 34, '劳动合同', '高中', '无', '海南侨中', '2018-01-01', '在职', '00000020', 1, '2018-01-31', NULL, '2018-01-01', '2019-01-01', NULL);
INSERT INTO `employee` VALUES (22, '陈静3', '女', '1989-02-01', '421288198902011234', '已婚', 1, '福建', 1, 'chenjing@qq.com', '18795556693', '海南省海口市美兰区', 82, 12, 30, '劳动合同', '高中', '市场营销', '武汉大学', '2015-06-09', '在职', '00000022', 3, '2015-09-10', NULL, '2015-06-09', '2018-06-08', NULL);
INSERT INTO `employee` VALUES (24, '鹿存亮3', '男', '1990-01-03', '610122199001031456', '已婚', 1, '陕西', 3, 'zhao@qq.com', '15612347795', '陕西省西安市莲湖区', 92, 12, 34, '劳动合同', '高中', '电子工程', '哈尔滨理工大学', '2018-01-01', '在职', '00000024', 3.5, '2018-04-01', NULL, '2018-01-01', '2021-07-14', NULL);
INSERT INTO `employee` VALUES (25, '姚森3', '男', '1991-02-05', '610122199102058952', '已婚', 1, '河南', 3, 'yaosen@qq.com', '14785559936', '河南洛阳人民大道58号', 92, 15, 34, '劳动合同', '初中', '室内装修设计', '西北大学', '2017-01-02', '在职', '00000025', 7, '2017-04-02', NULL, '2017-01-02', '2024-01-17', NULL);
INSERT INTO `employee` VALUES (26, '云星3', '女', '1993-01-05', '610122199301054789', '已婚', 1, '福建', 1, 'yunxing@qq.com', '15644442252', '陕西西安新城区', 92, 16, 34, '劳务合同', '硕士', '通信工程', '西安电子科技学校', '2018-01-01', '在职', '00000026', 5.25, '2018-04-01', NULL, '2018-01-01', '2023-04-13', NULL);
INSERT INTO `employee` VALUES (27, '贾旭明3', '男', '1993-11-11', '610122199311111234', '已婚', 1, '上海', 4, 'jiaxuming@qq.com', '15644441234', '广东省广州市天河区冼村路', 78, 15, 33, '劳务合同', '初中', '通信工程', '西北大学', '2018-01-01', '在职', '00000027', 5.25, '2018-04-01', NULL, '2018-01-01', '2023-04-13', NULL);
INSERT INTO `employee` VALUES (28, '张黎明3', '男', '1991-02-01', '610144199102014569', '已婚', 1, '广东', 6, 'zhangliming@qq.com', '18979994478', '广东珠海', 91, 15, 33, '劳动合同', '高中', '考古', '清华大学', '2018-01-01', '在职', '00000028', 7, '2018-04-01', NULL, '2018-01-01', '2025-01-30', NULL);
INSERT INTO `employee` VALUES (29, '薛磊3', '男', '1992-07-01', '610144199207017895', '已婚', 1, '湖北', 13, 'xuelei@qq.com', '15648887741', '西安市雁塔区', 92, 14, 34, '劳动合同', '初中', '无', '华胥中学', '2018-01-01', '在职', '00000029', 6, '2018-04-01', NULL, '2018-01-01', '2024-01-17', NULL);
INSERT INTO `employee` VALUES (31, '陈真', '男', '1990-01-01', '610122199001011256', '已婚', 1, '陕西', 13, 'laowang@qq.com', '18565558897', '深圳市南山区', 8, 9, 29, '劳动合同', '本科', '信息管理与信息系统', '深圳大学', '2018-01-01', '在职', '00000031', 1, '2018-04-01', NULL, '2018-01-01', '2019-01-01', NULL);
INSERT INTO `employee` VALUES (32, '陈静4', '女', '1989-02-01', '421288198902011234', '已婚', 1, '福建', 1, 'chenjing@qq.com', '18795556693', '海南省海口市美兰区', 82, 12, 30, '劳动合同', '高中', '市场营销', '武汉大学', '2015-06-09', '在职', '00000032', 3, '2015-09-10', NULL, '2015-06-09', '2018-06-08', NULL);
INSERT INTO `employee` VALUES (33, '赵琳浩4', '男', '1993-03-04', '610122199303041456', '未婚', 1, '陕西', 3, 'zhao@qq.com', '15698887795', '陕西省西安市莲湖区', 91, 12, 33, '劳动合同', '博士', '电子工程', '哈尔滨理工大学', '2018-01-01', '在职', '00000033', 3.5, '2018-04-01', NULL, '2018-01-01', '2021-07-14', NULL);
INSERT INTO `employee` VALUES (34, '鹿存亮4', '男', '1990-01-03', '610122199001031456', '已婚', 1, '陕西', 3, 'zhao@qq.com', '15612347795', '陕西省西安市莲湖区', 92, 12, 34, '劳动合同', '高中', '电子工程', '哈尔滨理工大学', '2018-01-01', '在职', '00000034', 3.5, '2018-04-01', NULL, '2018-01-01', '2021-07-14', NULL);
INSERT INTO `employee` VALUES (35, '姚森4', '男', '1991-02-05', '610122199102058952', '已婚', 1, '河南', 3, 'yaosen@qq.com', '14785559936', '河南洛阳人民大道58号', 92, 15, 34, '劳动合同', '初中', '室内装修设计', '西北大学', '2017-01-02', '在职', '00000035', 7, '2017-04-02', NULL, '2017-01-02', '2024-01-17', NULL);
INSERT INTO `employee` VALUES (36, '云星4', '女', '1993-01-05', '610122199301054789', '已婚', 1, '福建', 1, 'yunxing@qq.com', '15644442252', '陕西西安新城区', 92, 16, 34, '劳务合同', '硕士', '通信工程', '西安电子科技学校', '2018-01-01', '在职', '00000036', 5.25, '2018-04-01', NULL, '2018-01-01', '2023-04-13', NULL);
INSERT INTO `employee` VALUES (37, '贾旭明4', '男', '1993-11-11', '610122199311111234', '已婚', 1, '上海', 4, 'jiaxuming@qq.com', '15644441234', '广东省广州市天河区冼村路', 78, 15, 33, '劳务合同', '初中', '通信工程', '西北大学', '2018-01-01', '在职', '00000037', 5.25, '2018-04-01', NULL, '2018-01-01', '2023-04-13', NULL);
INSERT INTO `employee` VALUES (38, '张黎明2', '男', '1991-02-01', '610144199102014569', '已婚', 1, '广东', 6, 'zhangliming@qq.com', '18979994478', '广东珠海', 91, 15, 33, '劳动合同', '高中', '考古', '清华大学', '2018-01-01', '在职', '00000038', 7, '2018-04-01', NULL, '2018-01-01', '2025-01-30', NULL);
INSERT INTO `employee` VALUES (39, '薛磊4', '男', '1992-07-01', '610144199207017895', '已婚', 1, '湖北', 13, 'xuelei@qq.com', '15648887741', '西安市雁塔区', 92, 14, 34, '劳动合同', '初中', '无', '华胥中学', '2018-01-01', '在职', '00000039', 6, '2018-04-01', NULL, '2018-01-01', '2024-01-17', NULL);
INSERT INTO `employee` VALUES (40, '张洁4', '女', '1990-10-09', '420177199010093652', '未婚', 1, '海南', 5, 'zhangjie@qq.com', '13695557742', '海口市美兰区', 92, 16, 34, '劳动合同', '高中', '无', '海南侨中', '2018-01-01', '在职', '00000040', 1, '2018-01-31', NULL, '2018-01-01', '2019-01-01', NULL);
INSERT INTO `employee` VALUES (41, '李霖', '男', '1990-01-01', '610122199001011256', '已婚', 1, '陕西', 13, 'laowang@qq.com', '18565558897', '广东省广州', 8, 9, 29, '劳动合同', '本科', '信息管理与信息系统', '深圳大学', '2018-01-01', '在职', '00000041', 1, '2018-04-01', NULL, '2018-01-01', '2019-01-01', NULL);
INSERT INTO `employee` VALUES (42, '陈静5', '女', '1989-02-01', '421288198902011234', '已婚', 1, '福建', 1, 'chenjing@qq.com', '18795556693', '海南省海口市美兰区', 82, 12, 30, '劳动合同', '高中', '市场营销', '武汉大学', '2015-06-09', '在职', '00000042', 3, '2015-09-10', NULL, '2015-06-09', '2018-06-08', NULL);
INSERT INTO `employee` VALUES (43, '赵琳浩5', '男', '1993-03-04', '610122199303041456', '未婚', 1, '陕西', 3, 'zhao@qq.com', '15698887795', '陕西省西安市莲湖区', 91, 12, 33, '劳动合同', '博士', '电子工程', '哈尔滨理工大学', '2018-01-01', '在职', '00000043', 3.5, '2018-04-01', NULL, '2018-01-01', '2021-07-14', NULL);
INSERT INTO `employee` VALUES (44, '鹿存亮5', '男', '1990-01-03', '610122199001031456', '已婚', 1, '陕西', 3, 'zhao@qq.com', '15612347795', '陕西省西安市莲湖区', 92, 12, 34, '劳动合同', '高中', '电子工程', '哈尔滨理工大学', '2018-01-01', '在职', '00000044', 3.5, '2018-04-01', NULL, '2018-01-01', '2021-07-14', NULL);
INSERT INTO `employee` VALUES (45, '姚森5', '男', '1991-02-05', '610122199102058952', '已婚', 1, '河南', 3, 'yaosen@qq.com', '14785559936', '河南洛阳人民大道58号', 92, 15, 34, '劳动合同', '初中', '室内装修设计', '西北大学', '2017-01-02', '在职', '00000045', 7, '2017-04-02', NULL, '2017-01-02', '2024-01-17', NULL);
INSERT INTO `employee` VALUES (46, '云星5', '女', '1993-01-05', '610122199301054789', '已婚', 1, '福建', 1, 'yunxing@qq.com', '15644442252', '陕西西安新城区', 92, 16, 34, '劳务合同', '硕士', '通信工程', '西安电子科技学校', '2018-01-01', '在职', '00000046', 5.25, '2018-04-01', NULL, '2018-01-01', '2023-04-13', NULL);
INSERT INTO `employee` VALUES (47, '贾旭明5', '男', '1993-11-11', '610122199311111234', '已婚', 1, '上海', 4, 'jiaxuming@qq.com', '15644441234', '广东省广州市天河区冼村路', 78, 15, 33, '劳务合同', '初中', '通信工程', '西北大学', '2018-01-01', '在职', '00000047', 5.25, '2018-04-01', NULL, '2018-01-01', '2023-04-13', NULL);
INSERT INTO `employee` VALUES (48, '张黎明5', '男', '1991-02-01', '610144199102014569', '已婚', 1, '广东', 6, 'zhangliming@qq.com', '18979994478', '广东珠海', 91, 15, 33, '劳动合同', '高中', '考古', '清华大学', '2018-01-01', '在职', '00000048', 7, '2018-04-01', NULL, '2018-01-01', '2025-01-30', NULL);
INSERT INTO `employee` VALUES (49, '薛磊5', '男', '1992-07-01', '610144199207017895', '已婚', 1, '湖北', 13, 'xuelei@qq.com', '15648887741', '西安市雁塔区', 92, 14, 34, '劳动合同', '初中', '无', '华胥中学', '2018-01-01', '在职', '00000049', 6, '2018-04-01', NULL, '2018-01-01', '2024-01-17', NULL);
INSERT INTO `employee` VALUES (50, '张洁5', '女', '1990-10-09', '420177199010093652', '未婚', 1, '海南', 5, 'zhangjie@qq.com', '13695557742', '海口市美兰区', 92, 16, 34, '劳动合同', '高中', '无', '海南侨中', '2018-01-01', '在职', '00000050', 1, '2018-01-31', NULL, '2018-01-01', '2019-01-01', NULL);
INSERT INTO `employee` VALUES (51, '林立', '男', '1990-01-01', '610122199001011256', '已婚', 1, '陕西', 13, 'laowang@qq.com', '18565558897', '福建省厦门市', 8, 9, 29, '劳动合同', '本科', '信息管理与信息系统', '深圳大学', '2018-01-01', '在职', '00000051', 1, '2018-04-01', NULL, '2018-01-01', '2019-01-01', NULL);
INSERT INTO `employee` VALUES (52, '陈静6', '女', '1989-02-01', '421288198902011234', '已婚', 1, '福建', 1, 'chenjing@qq.com', '18795556693', '海南省海口市美兰区', 82, 12, 30, '劳动合同', '高中', '市场营销', '武汉大学', '2015-06-09', '在职', '00000052', 3, '2015-09-10', NULL, '2015-06-09', '2018-06-08', NULL);
INSERT INTO `employee` VALUES (53, '赵琳浩6', '男', '1993-03-04', '610122199303041456', '未婚', 1, '陕西', 3, 'zhao@qq.com', '15698887795', '陕西省西安市莲湖区', 91, 12, 33, '劳动合同', '博士', '电子工程', '哈尔滨理工大学', '2018-01-01', '在职', '00000053', 3.5, '2018-04-01', NULL, '2018-01-01', '2021-07-14', NULL);
INSERT INTO `employee` VALUES (54, '鹿存亮6', '男', '1990-01-03', '610122199001031456', '已婚', 1, '陕西', 3, 'zhao@qq.com', '15612347795', '陕西省西安市莲湖区', 92, 12, 34, '劳动合同', '高中', '电子工程', '哈尔滨理工大学', '2018-01-01', '在职', '00000054', 3.5, '2018-04-01', NULL, '2018-01-01', '2021-07-14', NULL);
INSERT INTO `employee` VALUES (55, '姚森6', '男', '1991-02-05', '610122199102058952', '已婚', 1, '河南', 3, 'yaosen@qq.com', '14785559936', '河南洛阳人民大道58号', 92, 15, 34, '劳动合同', '初中', '室内装修设计', '西北大学', '2017-01-02', '在职', '00000055', 7, '2017-04-02', NULL, '2017-01-02', '2024-01-17', NULL);
INSERT INTO `employee` VALUES (56, '云星6', '女', '1993-01-05', '610122199301054789', '已婚', 1, '福建', 1, 'yunxing@qq.com', '15644442252', '陕西西安新城区', 92, 16, 34, '劳务合同', '硕士', '通信工程', '西安电子科技学校', '2018-01-01', '在职', '00000056', 5.25, '2018-04-01', NULL, '2018-01-01', '2023-04-13', NULL);
INSERT INTO `employee` VALUES (1351, '小松鼠', '男', '1990-01-01', '610122199001011256', '已婚', 1, '陕西', 13, 'laowang@qq.com', '18565558897', '上海市', 8, 9, 29, '劳动合同', '本科', '信息管理与信息系统', '深圳大学', '2018-01-01', '在职', '00000001', 1, '2020-12-30', NULL, '2018-01-01', '2019-01-01', NULL);
INSERT INTO `employee` VALUES (1354, '鹿存亮', '男', '1990-01-03', '610122199001031456', '已婚', 1, '陕西', 3, 'zhao@qq.com', '15612347795', '陕西省西安市莲湖区', 92, 12, 34, '劳动合同', '高中', '电子工程', '哈尔滨理工大学', '2018-01-01', '在职', '00000004', 3.5, NULL, NULL, '2018-01-01', '2021-07-14', NULL);
INSERT INTO `employee` VALUES (1355, '姚森', '男', '1991-02-05', '610122199102058952', '已婚', 1, '河南', 3, 'yaosen@qq.com', '14785559936', '河南洛阳人民大道58号', 92, 15, 34, '劳动合同', '初中', '室内装修设计', '西北大学', '2017-01-02', '在职', '00000005', 7, NULL, NULL, '2017-01-02', '2024-01-17', NULL);
INSERT INTO `employee` VALUES (1357, '贾旭明', '男', '1993-11-11', '610122199311111234', '已婚', 1, '上海', 4, 'jiaxuming@qq.com', '15644441234', '广东省广州市天河区冼村路', 78, 15, 33, '劳务合同', '初中', '通信工程', '西北大学', '2018-01-01', '在职', '00000007', 5.25, NULL, NULL, '2018-01-01', '2023-04-13', NULL);
INSERT INTO `employee` VALUES (1358, '张黎明', '男', '1991-02-01', '610144199102014569', '已婚', 1, '广东', 6, 'zhangliming@qq.com', '18979994478', '广东珠海', 91, 15, 33, '劳动合同', '高中', '考古', '清华大学', '2018-01-01', '在职', '00000008', 7, NULL, NULL, '2018-01-01', '2025-01-30', NULL);
INSERT INTO `employee` VALUES (1359, '薛磊', '男', '1992-07-01', '610144199207017895', '已婚', 1, '湖北', 13, 'xuelei@qq.com', '15648887741', '西安市雁塔区', 92, 14, 34, '劳动合同', '初中', '无', '华胥中学', '2018-01-01', '在职', '00000009', 6, NULL, NULL, '2018-01-01', '2024-01-17', NULL);
INSERT INTO `employee` VALUES (1360, '张洁', '女', '1990-10-09', '420177199010093652', '未婚', 1, '海南', 5, 'zhangjie@qq.com', '13695557742', '海口市美兰区', 92, 16, 34, '劳动合同', '高中', '无', '海南侨中', '2018-01-01', '在职', '00000010', 1, NULL, NULL, '2018-01-01', '2019-01-01', NULL);
INSERT INTO `employee` VALUES (1361, '王震', '男', '1990-01-01', '610122199001011256', '已婚', 1, '陕西', 13, 'laowang@qq.com', '18565558897', '浙江省杭州市', 8, 9, 29, '劳动合同', '本科', '信息管理与信息系统', '深圳大学', '2018-01-01', '在职', '00000011', 1, '2020-09-16', NULL, '2018-01-01', '2019-01-01', NULL);
INSERT INTO `employee` VALUES (1362, '陈静2', '女', '1989-02-01', '421288198902011234', '已婚', 1, '福建', 1, 'chenjing@qq.com', '18795556693', '海南省海口市美兰区', 82, 12, 30, '劳动合同', '高中', '市场营销', '武汉大学', '2015-06-09', '在职', '00000012', 3, NULL, NULL, '2015-06-09', '2018-06-08', NULL);
INSERT INTO `employee` VALUES (1363, '赵琳浩2', '男', '1993-03-04', '610122199303041456', '未婚', 1, '陕西', 3, 'zhao@qq.com', '15698887795', '陕西省西安市莲湖区', 91, 12, 33, '劳动合同', '博士', '电子工程', '哈尔滨理工大学', '2018-01-01', '在职', '00000013', 3.5, NULL, NULL, '2018-01-01', '2021-07-14', NULL);
INSERT INTO `employee` VALUES (1364, '鹿存亮2', '男', '1990-01-03', '610122199001031456', '已婚', 1, '陕西', 3, 'zhao@qq.com', '15612347795', '陕西省西安市莲湖区', 92, 12, 34, '劳动合同', '高中', '电子工程', '哈尔滨理工大学', '2018-01-01', '在职', '00000014', 3.5, NULL, NULL, '2018-01-01', '2021-07-14', NULL);
INSERT INTO `employee` VALUES (1365, '姚森2', '男', '1991-02-05', '610122199102058952', '已婚', 1, '河南', 3, 'yaosen@qq.com', '14785559936', '河南洛阳人民大道58号', 92, 15, 34, '劳动合同', '初中', '室内装修设计', '西北大学', '2017-01-02', '在职', '00000015', 7, NULL, NULL, '2017-01-02', '2024-01-17', NULL);
INSERT INTO `employee` VALUES (1366, '云星2', '女', '1993-01-05', '610122199301054789', '已婚', 1, '福建', 1, 'yunxing@qq.com', '15644442252', '陕西西安新城区', 92, 16, 34, '劳务合同', '硕士', '通信工程', '西安电子科技学校', '2018-01-01', '在职', '00000016', 5.25, NULL, NULL, '2018-01-01', '2023-04-13', NULL);
INSERT INTO `employee` VALUES (1367, '贾旭明2', '男', '1993-11-11', '610122199311111234', '已婚', 1, '上海', 4, 'jiaxuming@qq.com', '15644441234', '广东省广州市天河区冼村路', 78, 15, 33, '劳务合同', '初中', '通信工程', '西北大学', '2018-01-01', '在职', '00000017', 5.25, NULL, NULL, '2018-01-01', '2023-04-13', NULL);
INSERT INTO `employee` VALUES (1368, '王一亭', '男', '1991-02-01', '610144199102014569', '已婚', 1, '广东', 6, 'zhangliming@qq.com', '18979994478', '广东珠海', 91, 15, 33, '劳动合同', '高中', '考古', '清华大学', '2018-01-01', '在职', '00000018', 7, NULL, NULL, '2018-01-01', '2025-01-30', NULL);
INSERT INTO `employee` VALUES (1369, '薛磊2', '男', '1992-07-01', '610144199207017895', '已婚', 1, '湖北', 13, 'xuelei@qq.com', '15648887741', '西安市雁塔区', 92, 14, 34, '劳动合同', '初中', '无', '华胥中学', '2018-01-01', '在职', '00000019', 1, NULL, NULL, '2018-01-01', '2019-01-01', NULL);
INSERT INTO `employee` VALUES (1370, '张洁2', '女', '1990-10-09', '420177199010093652', '未婚', 1, '海南', 5, 'zhangjie@qq.com', '13695557742', '海口市美兰区', 92, 16, 34, '劳动合同', '高中', '无', '海南侨中', '2018-01-01', '在职', '00000020', 1, NULL, NULL, '2018-01-01', '2019-01-01', NULL);
INSERT INTO `employee` VALUES (1372, '陈静3', '女', '1989-02-01', '421288198902011234', '已婚', 1, '福建', 1, 'chenjing@qq.com', '18795556693', '海南省海口市美兰区', 82, 12, 30, '劳动合同', '高中', '市场营销', '武汉大学', '2015-06-09', '在职', '00000022', 3, NULL, NULL, '2015-06-09', '2018-06-08', NULL);
INSERT INTO `employee` VALUES (1373, '鹿存亮3', '男', '1990-01-03', '610122199001031456', '已婚', 1, '陕西', 3, 'zhao@qq.com', '15612347795', '陕西省西安市莲湖区', 92, 12, 34, '劳动合同', '高中', '电子工程', '哈尔滨理工大学', '2018-01-01', '在职', '00000024', 3.5, NULL, NULL, '2018-01-01', '2021-07-14', NULL);
INSERT INTO `employee` VALUES (1374, '姚森3', '男', '1991-02-05', '610122199102058952', '已婚', 1, '河南', 3, 'yaosen@qq.com', '14785559936', '河南洛阳人民大道58号', 92, 15, 34, '劳动合同', '初中', '室内装修设计', '西北大学', '2017-01-02', '在职', '00000025', 7, NULL, NULL, '2017-01-02', '2024-01-17', NULL);
INSERT INTO `employee` VALUES (1375, '云星3', '女', '1993-01-05', '610122199301054789', '已婚', 1, '福建', 1, 'yunxing@qq.com', '15644442252', '陕西西安新城区', 92, 16, 34, '劳务合同', '硕士', '通信工程', '西安电子科技学校', '2018-01-01', '在职', '00000026', 5.25, NULL, NULL, '2018-01-01', '2023-04-13', NULL);
INSERT INTO `employee` VALUES (1376, '贾旭明3', '男', '1993-11-11', '610122199311111234', '已婚', 1, '上海', 4, 'jiaxuming@qq.com', '15644441234', '广东省广州市天河区冼村路', 78, 15, 33, '劳务合同', '初中', '通信工程', '西北大学', '2018-01-01', '在职', '00000027', 5.25, NULL, NULL, '2018-01-01', '2023-04-13', NULL);
INSERT INTO `employee` VALUES (1377, '张黎明3', '男', '1991-02-01', '610144199102014569', '已婚', 1, '广东', 6, 'zhangliming@qq.com', '18979994478', '广东珠海', 91, 15, 33, '劳动合同', '高中', '考古', '清华大学', '2018-01-01', '在职', '00000028', 7, NULL, NULL, '2018-01-01', '2025-01-30', NULL);
INSERT INTO `employee` VALUES (1378, '薛磊3', '男', '1992-07-01', '610144199207017895', '已婚', 1, '湖北', 13, 'xuelei@qq.com', '15648887741', '西安市雁塔区', 92, 14, 34, '劳动合同', '初中', '无', '华胥中学', '2018-01-01', '在职', '00000029', 6, NULL, NULL, '2018-01-01', '2024-01-17', NULL);
INSERT INTO `employee` VALUES (1380, '陈静4', '女', '1989-02-01', '421288198902011234', '已婚', 1, '福建', 1, 'chenjing@qq.com', '18795556693', '海南省海口市美兰区', 82, 12, 30, '劳动合同', '高中', '市场营销', '武汉大学', '2015-06-09', '在职', '00000032', 3, NULL, NULL, '2015-06-09', '2018-06-08', NULL);
INSERT INTO `employee` VALUES (1381, '赵琳浩4', '男', '1993-03-04', '610122199303041456', '未婚', 1, '陕西', 3, 'zhao@qq.com', '15698887795', '陕西省西安市莲湖区', 91, 12, 33, '劳动合同', '博士', '电子工程', '哈尔滨理工大学', '2018-01-01', '在职', '00000033', 3.5, NULL, NULL, '2018-01-01', '2021-07-14', NULL);
INSERT INTO `employee` VALUES (1382, '鹿存亮4', '男', '1990-01-03', '610122199001031456', '已婚', 1, '陕西', 3, 'zhao@qq.com', '15612347795', '陕西省西安市莲湖区', 92, 12, 34, '劳动合同', '高中', '电子工程', '哈尔滨理工大学', '2018-01-01', '在职', '00000034', 3.5, NULL, NULL, '2018-01-01', '2021-07-14', NULL);
INSERT INTO `employee` VALUES (1383, '姚森4', '男', '1991-02-05', '610122199102058952', '已婚', 1, '河南', 3, 'yaosen@qq.com', '14785559936', '河南洛阳人民大道58号', 92, 15, 34, '劳动合同', '初中', '室内装修设计', '西北大学', '2017-01-02', '在职', '00000035', 7, NULL, NULL, '2017-01-02', '2024-01-17', NULL);
INSERT INTO `employee` VALUES (1384, '云星4', '女', '1993-01-05', '610122199301054789', '已婚', 1, '福建', 1, 'yunxing@qq.com', '15644442252', '陕西西安新城区', 92, 16, 34, '劳务合同', '硕士', '通信工程', '西安电子科技学校', '2018-01-01', '在职', '00000036', 5.25, NULL, NULL, '2018-01-01', '2023-04-13', NULL);
INSERT INTO `employee` VALUES (1385, '贾旭明4', '男', '1993-11-11', '610122199311111234', '已婚', 1, '上海', 4, 'jiaxuming@qq.com', '15644441234', '广东省广州市天河区冼村路', 78, 15, 33, '劳务合同', '初中', '通信工程', '西北大学', '2018-01-01', '在职', '00000037', 5.25, NULL, NULL, '2018-01-01', '2023-04-13', NULL);
INSERT INTO `employee` VALUES (1411, '谢工', '女', '1970-01-01', '618177197001011234', '离异', 1, '福建', 1, '123456789@qq.com', '18558887788', '北京', 91, 12, 29, '劳动合同', '本科', '计算机软件', '南华大学', '2018-01-01', '在职', '00000038', 5, '2019-01-01', NULL, '2018-01-01', '2023-01-01', NULL);
INSERT INTO `employee` VALUES (1412, '林昭亮', '男', '1990-01-01', '610122199809091234', '已婚', 1, '广东', 13, '123456789@qq.com', '16767776654', '广东深圳', 91, 15, 33, '劳动合同', '大专', '计算机软件', '广东职业技术学院', '2018-01-01', '在职', '00000039', 5, '2018-04-01', NULL, '2018-01-01', '2023-01-01', NULL);
INSERT INTO `employee` VALUES (1417, '李小雨', '男', '1995-10-01', '610122199909099999', '已婚', 1, '福建', 1, '123456789@qq.com', '17720767967', '河北省', 4, 9, 29, '劳动合同', '本科', '1', '福州大学', '2018-01-01', '在职', '00000044', 0, '2018-01-01', NULL, '2018-01-01', '2018-01-31', NULL);
INSERT INTO `employee` VALUES (1419, '林伯渠', '男', '1995-10-01', '610122199909099999', '未婚', 1, '福建', 1, '123456789@qq.com', '12345678901', '北京', 8, 9, 29, '劳动合同', '本科', '软件工程', '北京大学', '2018-01-31', '在职', '00000046', 0, '2018-01-31', NULL, '2018-01-31', '2018-01-31', NULL);
INSERT INTO `employee` VALUES (1420, 'test', '男', '1995-10-01', '610122199909091234', '已婚', 1, '福建', 1, '123456789@qq.com', '1', '1', 8, 9, 29, '劳动合同', '大专', '1', '1', '2018-01-31', '在职', '00000047', 0, '2018-01-31', NULL, '2018-01-31', '2018-01-31', NULL);
INSERT INTO `employee` VALUES (1424, '鹿存亮', '男', '1990-01-03', '610122199001031456', '已婚', 1, '陕西', 3, 'zhao@qq.com', '15612347795', '陕西省西安市莲湖区', 92, 12, 34, '劳动合同', '高中', '电子工程', '哈尔滨理工大学', '2018-01-01', '在职', '00000004', 3.5, NULL, NULL, '2018-01-01', '2021-07-14', NULL);
INSERT INTO `employee` VALUES (1425, '姚森', '男', '1991-02-05', '610122199102058952', '已婚', 1, '河南', 3, 'yaosen@qq.com', '14785559936', '河南洛阳人民大道58号', 92, 15, 34, '劳动合同', '硕士', '室内装修设计', '西北大学', '2017-01-02', '在职', '00000005', 7, NULL, NULL, '2017-01-02', '2024-01-17', NULL);
INSERT INTO `employee` VALUES (1426, '云星', '女', '1993-01-05', '610122199301054789', '已婚', 1, '福建', 1, 'yunxing@qq.com', '15644442252', '陕西西安新城区', 92, 16, 34, '劳务合同', '硕士', '通信工程', '西安电子科技学校', '2018-01-01', '在职', '00000006', 5.25, NULL, NULL, '2018-01-01', '2023-04-13', NULL);
INSERT INTO `employee` VALUES (1427, '贾旭明', '男', '1993-11-11', '610122199311111234', '已婚', 1, '上海', 4, 'jiaxuming@qq.com', '15644441234', '广东省广州市天河区冼村路', 78, 15, 33, '劳务合同', '初中', '通信工程', '西北大学', '2018-01-01', '在职', '00000007', 5.25, NULL, NULL, '2018-01-01', '2023-04-13', NULL);
INSERT INTO `employee` VALUES (1428, '张黎明', '男', '1991-02-01', '610144199102014569', '已婚', 1, '广东', 6, 'zhangliming@qq.com', '18979994478', '广东珠海', 91, 15, 33, '劳动合同', '高中', '考古', '清华大学', '2018-01-01', '在职', '00000008', 7, NULL, NULL, '2018-01-01', '2025-01-30', NULL);
INSERT INTO `employee` VALUES (1429, '薛磊', '男', '1992-07-01', '610144199207017895', '已婚', 1, '湖北', 13, 'xuelei@qq.com', '15648887741', '西安市雁塔区', 92, 14, 34, '劳动合同', '初中', '无', '华胥中学', '2018-01-01', '在职', '00000009', 6, NULL, NULL, '2018-01-01', '2024-01-17', NULL);
INSERT INTO `employee` VALUES (1430, '张洁', '女', '1990-10-09', '420177199010093652', '未婚', 1, '海南', 5, 'zhangjie@qq.com', '13695557742', '海口市美兰区', 92, 16, 34, '劳动合同', '高中', '无', '海南侨中', '2018-01-01', '在职', '00000010', 1, NULL, NULL, '2018-01-01', '2019-01-01', NULL);
INSERT INTO `employee` VALUES (1432, '陈静2', '女', '1989-02-01', '421288198902011234', '已婚', 1, '福建', 1, 'chenjing@qq.com', '18795556693', '海南省海口市美兰区', 82, 12, 30, '劳动合同', '高中', '市场营销', '武汉大学', '2015-06-09', '在职', '00000012', 3, NULL, NULL, '2015-06-09', '2018-06-08', NULL);
INSERT INTO `employee` VALUES (1433, '赵琳浩2', '男', '1993-03-04', '610122199303041456', '未婚', 1, '陕西', 3, 'zhao@qq.com', '15698887795', '陕西省西安市莲湖区', 91, 12, 33, '劳动合同', '博士', '电子工程', '哈尔滨理工大学', '2018-01-01', '在职', '00000013', 3.5, NULL, NULL, '2018-01-01', '2021-07-14', NULL);
INSERT INTO `employee` VALUES (1434, '鹿存亮2', '男', '1990-01-03', '610122199001031456', '已婚', 1, '陕西', 3, 'zhao@qq.com', '15612347795', '陕西省西安市莲湖区', 92, 12, 34, '劳动合同', '高中', '电子工程', '哈尔滨理工大学', '2018-01-01', '在职', '00000014', 3.5, NULL, NULL, '2018-01-01', '2021-07-14', NULL);
INSERT INTO `employee` VALUES (1435, '姚森2', '男', '1991-02-05', '610122199102058952', '已婚', 1, '河南', 3, 'yaosen@qq.com', '14785559936', '河南洛阳人民大道58号', 92, 15, 34, '劳动合同', '初中', '室内装修设计', '西北大学', '2017-01-02', '在职', '00000015', 7, NULL, NULL, '2017-01-02', '2024-01-17', NULL);
INSERT INTO `employee` VALUES (1436, '云星2', '女', '1993-01-05', '610122199301054789', '已婚', 1, '福建', 1, 'yunxing@qq.com', '15644442252', '陕西西安新城区', 92, 16, 34, '劳务合同', '硕士', '通信工程', '西安电子科技学校', '2018-01-01', '在职', '00000016', 5.25, NULL, NULL, '2018-01-01', '2023-04-13', NULL);
INSERT INTO `employee` VALUES (1437, '贾旭明2', '男', '1993-11-11', '610122199311111234', '已婚', 1, '上海', 4, 'jiaxuming@qq.com', '15644441234', '广东省广州市天河区冼村路', 78, 15, 33, '劳务合同', '初中', '通信工程', '西北大学', '2018-01-01', '在职', '00000017', 5.25, NULL, NULL, '2018-01-01', '2023-04-13', NULL);
INSERT INTO `employee` VALUES (1438, '王一亭', '男', '1991-02-01', '610144199102014569', '已婚', 1, '广东', 6, 'zhangliming@qq.com', '18979994478', '广东珠海', 91, 15, 33, '劳动合同', '高中', '考古', '清华大学', '2018-01-01', '在职', '00000018', 7, NULL, NULL, '2018-01-01', '2025-01-30', NULL);
INSERT INTO `employee` VALUES (1439, '薛磊2', '男', '1992-07-01', '610144199207017895', '已婚', 1, '湖北', 13, 'xuelei@qq.com', '15648887741', '西安市雁塔区', 92, 14, 34, '劳动合同', '初中', '无', '华胥中学', '2018-01-01', '在职', '00000019', 1, NULL, NULL, '2018-01-01', '2019-01-01', NULL);
INSERT INTO `employee` VALUES (1440, '张洁2', '女', '1990-10-09', '420177199010093652', '未婚', 1, '海南', 5, 'zhangjie@qq.com', '13695557742', '海口市美兰区', 92, 16, 34, '劳动合同', '高中', '无', '海南侨中', '2018-01-01', '在职', '00000020', 1, NULL, NULL, '2018-01-01', '2019-01-01', NULL);
INSERT INTO `employee` VALUES (1442, '陈静3', '女', '1989-02-01', '421288198902011234', '已婚', 1, '福建', 1, 'chenjing@qq.com', '18795556693', '海南省海口市美兰区', 82, 12, 30, '劳动合同', '高中', '市场营销', '武汉大学', '2015-06-09', '在职', '00000022', 3, NULL, NULL, '2015-06-09', '2018-06-08', NULL);
INSERT INTO `employee` VALUES (1443, '鹿存亮3', '男', '1990-01-03', '610122199001031456', '已婚', 1, '陕西', 3, 'zhao@qq.com', '15612347795', '陕西省西安市莲湖区', 92, 12, 34, '劳动合同', '高中', '电子工程', '哈尔滨理工大学', '2018-01-01', '在职', '00000024', 3.5, NULL, NULL, '2018-01-01', '2021-07-14', NULL);
INSERT INTO `employee` VALUES (1444, '姚森3', '男', '1991-02-05', '610122199102058952', '已婚', 1, '河南', 3, 'yaosen@qq.com', '14785559936', '河南洛阳人民大道58号', 92, 15, 34, '劳动合同', '初中', '室内装修设计', '西北大学', '2017-01-02', '在职', '00000025', 7, NULL, NULL, '2017-01-02', '2024-01-17', NULL);
INSERT INTO `employee` VALUES (1445, '云星3', '女', '1993-01-05', '610122199301054789', '已婚', 1, '福建', 1, 'yunxing@qq.com', '15644442252', '陕西西安新城区', 92, 16, 34, '劳务合同', '硕士', '通信工程', '西安电子科技学校', '2018-01-01', '在职', '00000026', 5.25, NULL, NULL, '2018-01-01', '2023-04-13', NULL);
INSERT INTO `employee` VALUES (1446, '贾旭明3', '男', '1993-11-11', '610122199311111234', '已婚', 1, '上海', 4, 'jiaxuming@qq.com', '15644441234', '广东省广州市天河区冼村路', 78, 15, 33, '劳务合同', '初中', '通信工程', '西北大学', '2018-01-01', '在职', '00000027', 5.25, NULL, NULL, '2018-01-01', '2023-04-13', NULL);
INSERT INTO `employee` VALUES (1447, '张黎明3', '男', '1991-02-01', '610144199102014569', '已婚', 1, '广东', 6, 'zhangliming@qq.com', '18979994478', '广东珠海', 91, 15, 33, '劳动合同', '高中', '考古', '清华大学', '2018-01-01', '在职', '00000028', 7, NULL, NULL, '2018-01-01', '2025-01-30', NULL);
INSERT INTO `employee` VALUES (1448, '薛磊3', '男', '1992-07-01', '610144199207017895', '已婚', 1, '湖北', 13, 'xuelei@qq.com', '15648887741', '西安市雁塔区', 92, 14, 34, '劳动合同', '初中', '无', '华胥中学', '2018-01-01', '在职', '00000029', 6, NULL, NULL, '2018-01-01', '2024-01-17', NULL);
INSERT INTO `employee` VALUES (1450, '陈静4', '女', '1989-02-01', '421288198902011234', '已婚', 1, '福建', 1, 'chenjing@qq.com', '18795556693', '海南省海口市美兰区', 82, 12, 30, '劳动合同', '高中', '市场营销', '武汉大学', '2015-06-09', '在职', '00000032', 3, NULL, NULL, '2015-06-09', '2018-06-08', NULL);
INSERT INTO `employee` VALUES (1451, '赵琳浩4', '男', '1993-03-04', '610122199303041456', '未婚', 1, '陕西', 3, 'zhao@qq.com', '15698887795', '陕西省西安市莲湖区', 91, 12, 33, '劳动合同', '博士', '电子工程', '哈尔滨理工大学', '2018-01-01', '在职', '00000033', 3.5, NULL, NULL, '2018-01-01', '2021-07-14', NULL);
INSERT INTO `employee` VALUES (1452, '鹿存亮4', '男', '1990-01-03', '610122199001031456', '已婚', 1, '陕西', 3, 'zhao@qq.com', '15612347795', '陕西省西安市莲湖区', 92, 12, 34, '劳动合同', '高中', '电子工程', '哈尔滨理工大学', '2018-01-01', '在职', '00000034', 3.5, NULL, NULL, '2018-01-01', '2021-07-14', NULL);
INSERT INTO `employee` VALUES (1453, '姚森4', '男', '1991-02-05', '610122199102058952', '已婚', 1, '河南', 3, 'yaosen@qq.com', '14785559936', '河南洛阳人民大道58号', 92, 15, 34, '劳动合同', '初中', '室内装修设计', '西北大学', '2017-01-02', '在职', '00000035', 7, NULL, NULL, '2017-01-02', '2024-01-17', NULL);
INSERT INTO `employee` VALUES (1454, '云星4', '女', '1993-01-05', '610122199301054789', '已婚', 1, '福建', 1, 'yunxing@qq.com', '15644442252', '陕西西安新城区', 92, 16, 34, '劳务合同', '硕士', '通信工程', '西安电子科技学校', '2018-01-01', '在职', '00000036', 5.25, NULL, NULL, '2018-01-01', '2023-04-13', NULL);
INSERT INTO `employee` VALUES (1455, '贾旭明4', '男', '1993-11-11', '610122199311111234', '已婚', 1, '上海', 4, 'jiaxuming@qq.com', '15644441234', '广东省广州市天河区冼村路', 78, 15, 33, '劳务合同', '初中', '通信工程', '西北大学', '2018-01-01', '在职', '00000037', 5.25, NULL, NULL, '2018-01-01', '2023-04-13', NULL);
INSERT INTO `employee` VALUES (1456, '张黎明2', '男', '1991-02-01', '610144199102014569', '已婚', 1, '广东', 6, 'zhangliming@qq.com', '18979994478', '广东珠海', 91, 15, 33, '劳动合同', '高中', '考古', '清华大学', '2018-01-01', '在职', '00000038', 7, NULL, NULL, '2018-01-01', '2025-01-30', NULL);
INSERT INTO `employee` VALUES (1457, '薛磊4', '男', '1992-07-01', '610144199207017895', '已婚', 1, '湖北', 13, 'xuelei@qq.com', '15648887741', '西安市雁塔区', 92, 14, 34, '劳动合同', '初中', '无', '华胥中学', '2018-01-01', '在职', '00000039', 6, NULL, NULL, '2018-01-01', '2024-01-17', NULL);
INSERT INTO `employee` VALUES (1458, '张洁4', '女', '1990-10-09', '420177199010093652', '未婚', 1, '海南', 5, 'zhangjie@qq.com', '13695557742', '海口市美兰区', 92, 16, 34, '劳动合同', '高中', '无', '海南侨中', '2018-01-01', '在职', '00000040', 1, NULL, NULL, '2018-01-01', '2019-01-01', NULL);
INSERT INTO `employee` VALUES (1460, '陈静5', '女', '1989-02-01', '421288198902011234', '已婚', 1, '福建', 1, 'chenjing@qq.com', '18795556693', '海南省海口市美兰区', 82, 12, 30, '劳动合同', '高中', '市场营销', '武汉大学', '2015-06-09', '在职', '00000042', 3, NULL, NULL, '2015-06-09', '2018-06-08', NULL);
INSERT INTO `employee` VALUES (1461, '赵琳浩5', '男', '1993-03-04', '610122199303041456', '未婚', 1, '陕西', 3, 'zhao@qq.com', '15698887795', '陕西省西安市莲湖区', 91, 12, 33, '劳动合同', '博士', '电子工程', '哈尔滨理工大学', '2018-01-01', '在职', '00000043', 3.5, NULL, NULL, '2018-01-01', '2021-07-14', NULL);
INSERT INTO `employee` VALUES (1462, '鹿存亮5', '男', '1990-01-03', '610122199001031456', '已婚', 1, '陕西', 3, 'zhao@qq.com', '15612347795', '陕西省西安市莲湖区', 92, 12, 34, '劳动合同', '高中', '电子工程', '哈尔滨理工大学', '2018-01-01', '在职', '00000044', 3.5, NULL, NULL, '2018-01-01', '2021-07-14', NULL);
INSERT INTO `employee` VALUES (1463, '姚森5', '男', '1991-02-05', '610122199102058952', '已婚', 1, '河南', 3, 'yaosen@qq.com', '14785559936', '河南洛阳人民大道58号', 92, 15, 34, '劳动合同', '初中', '室内装修设计', '西北大学', '2017-01-02', '在职', '00000045', 7, NULL, NULL, '2017-01-02', '2024-01-17', NULL);
INSERT INTO `employee` VALUES (1464, '云星5', '女', '1993-01-05', '610122199301054789', '已婚', 1, '福建', 1, 'yunxing@qq.com', '15644442252', '陕西西安新城区', 92, 16, 34, '劳务合同', '硕士', '通信工程', '西安电子科技学校', '2018-01-01', '在职', '00000046', 5.25, NULL, NULL, '2018-01-01', '2023-04-13', NULL);
INSERT INTO `employee` VALUES (1465, '贾旭明5', '男', '1993-11-11', '610122199311111234', '已婚', 1, '上海', 4, 'jiaxuming@qq.com', '15644441234', '广东省广州市天河区冼村路', 78, 15, 33, '劳务合同', '初中', '通信工程', '西北大学', '2018-01-01', '在职', '00000047', 5.25, NULL, NULL, '2018-01-01', '2023-04-13', NULL);
INSERT INTO `employee` VALUES (1466, '张黎明5', '男', '1991-02-01', '610144199102014569', '已婚', 1, '广东', 6, 'zhangliming@qq.com', '18979994478', '广东珠海', 91, 15, 33, '劳动合同', '高中', '考古', '清华大学', '2018-01-01', '在职', '00000048', 7, NULL, NULL, '2018-01-01', '2025-01-30', NULL);
INSERT INTO `employee` VALUES (1467, '薛磊5', '男', '1992-07-01', '610144199207017895', '已婚', 1, '湖北', 13, 'xuelei@qq.com', '15648887741', '西安市雁塔区', 92, 14, 34, '劳动合同', '初中', '无', '华胥中学', '2018-01-01', '在职', '00000049', 6, NULL, NULL, '2018-01-01', '2024-01-17', NULL);
INSERT INTO `employee` VALUES (1468, '张洁5', '女', '1990-10-09', '420177199010093652', '未婚', 1, '海南', 5, 'zhangjie@qq.com', '13695557742', '海口市美兰区', 92, 16, 34, '劳动合同', '高中', '无', '海南侨中', '2018-01-01', '在职', '00000050', 1, NULL, NULL, '2018-01-01', '2019-01-01', NULL);
INSERT INTO `employee` VALUES (1470, '陈静6', '女', '1989-02-01', '421288198902011234', '已婚', 1, '福建', 1, 'chenjing@qq.com', '18795556693', '海南省海口市美兰区', 82, 12, 30, '劳动合同', '高中', '市场营销', '武汉大学', '2015-06-09', '在职', '00000052', 3, NULL, NULL, '2015-06-09', '2018-06-08', NULL);
INSERT INTO `employee` VALUES (1471, '赵琳浩6', '男', '1993-03-04', '610122199303041456', '未婚', 1, '陕西', 3, 'zhao@qq.com', '15698887795', '陕西省西安市莲湖区', 91, 12, 33, '劳动合同', '博士', '电子工程', '哈尔滨理工大学', '2018-01-01', '在职', '00000053', 3.5, NULL, NULL, '2018-01-01', '2021-07-14', NULL);
INSERT INTO `employee` VALUES (1472, '鹿存亮6', '男', '1990-01-03', '610122199001031456', '已婚', 1, '陕西', 3, 'zhao@qq.com', '15612347795', '陕西省西安市莲湖区', 92, 12, 34, '劳动合同', '高中', '电子工程', '哈尔滨理工大学', '2018-01-01', '在职', '00000054', 3.5, NULL, NULL, '2018-01-01', '2021-07-14', NULL);
INSERT INTO `employee` VALUES (1473, '姚森6', '男', '1991-02-05', '610122199102058952', '已婚', 1, '河南', 3, 'yaosen@qq.com', '14785559936', '河南洛阳人民大道58号', 92, 15, 34, '劳动合同', '初中', '室内装修设计', '西北大学', '2017-01-02', '在职', '00000055', 7, NULL, NULL, '2017-01-02', '2024-01-17', NULL);
INSERT INTO `employee` VALUES (1474, '云星6', '女', '1993-01-05', '610122199301054789', '已婚', 1, '福建', 1, 'yunxing@qq.com', '15644442252', '陕西西安新城区', 92, 16, 34, '劳务合同', '硕士', '通信工程', '西安电子科技学校', '2018-01-01', '在职', '00000056', 5.25, NULL, NULL, '2018-01-01', '2023-04-13', NULL);
INSERT INTO `employee` VALUES (1478, '鹿存亮', '男', '1990-01-03', '610122199001031456', '已婚', 1, '陕西', 3, 'zhao@qq.com', '15612347795', '陕西省西安市莲湖区', 92, 12, 34, '劳动合同', '高中', '电子工程', '哈尔滨理工大学', '2018-01-01', '在职', '00000004', 3.5, NULL, NULL, '2018-01-01', '2021-07-14', NULL);
INSERT INTO `employee` VALUES (1479, '姚森', '男', '1991-02-05', '610122199102058952', '已婚', 1, '河南', 3, 'yaosen@qq.com', '14785559936', '河南洛阳人民大道58号', 92, 15, 34, '劳动合同', '初中', '室内装修设计', '西北大学', '2017-01-02', '在职', '00000005', 7, NULL, NULL, '2017-01-02', '2024-01-17', NULL);
INSERT INTO `employee` VALUES (1480, '贾旭明', '男', '1993-11-11', '610122199311111234', '已婚', 1, '上海', 4, 'jiaxuming@qq.com', '15644441234', '广东省广州市天河区冼村路', 78, 15, 33, '劳务合同', '初中', '通信工程', '西北大学', '2018-01-01', '在职', '00000007', 5.25, NULL, NULL, '2018-01-01', '2023-04-13', NULL);
INSERT INTO `employee` VALUES (1481, '张黎明', '男', '1991-02-01', '610144199102014569', '已婚', 1, '广东', 6, 'zhangliming@qq.com', '18979994478', '广东珠海', 91, 15, 33, '劳动合同', '高中', '考古', '清华大学', '2018-01-01', '在职', '00000008', 7, NULL, NULL, '2018-01-01', '2025-01-30', NULL);
INSERT INTO `employee` VALUES (1482, '薛磊', '男', '1992-07-01', '610144199207017895', '已婚', 1, '湖北', 13, 'xuelei@qq.com', '15648887741', '西安市雁塔区', 92, 14, 34, '劳动合同', '初中', '无', '华胥中学', '2018-01-01', '在职', '00000009', 6, NULL, NULL, '2018-01-01', '2024-01-17', NULL);
INSERT INTO `employee` VALUES (1483, '张洁', '女', '1990-10-09', '420177199010093652', '未婚', 1, '海南', 5, 'zhangjie@qq.com', '13695557742', '海口市美兰区', 92, 16, 34, '劳动合同', '高中', '无', '海南侨中', '2018-01-01', '在职', '00000010', 1, NULL, NULL, '2018-01-01', '2019-01-01', NULL);
INSERT INTO `employee` VALUES (1485, '陈静2', '女', '1989-02-01', '421288198902011234', '已婚', 1, '福建', 1, 'chenjing@qq.com', '18795556693', '海南省海口市美兰区', 82, 12, 30, '劳动合同', '高中', '市场营销', '武汉大学', '2015-06-09', '在职', '00000012', 3, NULL, NULL, '2015-06-09', '2018-06-08', NULL);
INSERT INTO `employee` VALUES (1486, '赵琳浩2', '男', '1993-03-04', '610122199303041456', '未婚', 1, '陕西', 3, 'zhao@qq.com', '15698887795', '陕西省西安市莲湖区', 91, 12, 33, '劳动合同', '博士', '电子工程', '哈尔滨理工大学', '2018-01-01', '在职', '00000013', 3.5, NULL, NULL, '2018-01-01', '2021-07-14', NULL);
INSERT INTO `employee` VALUES (1487, '鹿存亮2', '男', '1990-01-03', '610122199001031456', '已婚', 1, '陕西', 3, 'zhao@qq.com', '15612347795', '陕西省西安市莲湖区', 92, 12, 34, '劳动合同', '高中', '电子工程', '哈尔滨理工大学', '2018-01-01', '在职', '00000014', 3.5, NULL, NULL, '2018-01-01', '2021-07-14', NULL);
INSERT INTO `employee` VALUES (1488, '姚森2', '男', '1991-02-05', '610122199102058952', '已婚', 1, '河南', 3, 'yaosen@qq.com', '14785559936', '河南洛阳人民大道58号', 92, 15, 34, '劳动合同', '初中', '室内装修设计', '西北大学', '2017-01-02', '在职', '00000015', 7, NULL, NULL, '2017-01-02', '2024-01-17', NULL);
INSERT INTO `employee` VALUES (1489, '云星2', '女', '1993-01-05', '610122199301054789', '已婚', 1, '福建', 1, 'yunxing@qq.com', '15644442252', '陕西西安新城区', 92, 16, 34, '劳务合同', '硕士', '通信工程', '西安电子科技学校', '2018-01-01', '在职', '00000016', 5.25, NULL, NULL, '2018-01-01', '2023-04-13', NULL);
INSERT INTO `employee` VALUES (1490, '贾旭明2', '男', '1993-11-11', '610122199311111234', '已婚', 1, '上海', 4, 'jiaxuming@qq.com', '15644441234', '广东省广州市天河区冼村路', 78, 15, 33, '劳务合同', '初中', '通信工程', '西北大学', '2018-01-01', '在职', '00000017', 5.25, NULL, NULL, '2018-01-01', '2023-04-13', NULL);
INSERT INTO `employee` VALUES (1491, '王一亭', '男', '1991-02-01', '610144199102014569', '已婚', 1, '广东', 6, 'zhangliming@qq.com', '18979994478', '广东珠海', 91, 15, 33, '劳动合同', '高中', '考古', '清华大学', '2018-01-01', '在职', '00000018', 7, NULL, NULL, '2018-01-01', '2025-01-30', NULL);
INSERT INTO `employee` VALUES (1492, '薛磊2', '男', '1992-07-01', '610144199207017895', '已婚', 1, '湖北', 13, 'xuelei@qq.com', '15648887741', '西安市雁塔区', 92, 14, 34, '劳动合同', '初中', '无', '华胥中学', '2018-01-01', '在职', '00000019', 1, NULL, NULL, '2018-01-01', '2019-01-01', NULL);
INSERT INTO `employee` VALUES (1493, '张洁2', '女', '1990-10-09', '420177199010093652', '未婚', 1, '海南', 5, 'zhangjie@qq.com', '13695557742', '海口市美兰区', 92, 16, 34, '劳动合同', '高中', '无', '海南侨中', '2018-01-01', '在职', '00000020', 1, NULL, NULL, '2018-01-01', '2019-01-01', NULL);
INSERT INTO `employee` VALUES (1495, '陈静3', '女', '1989-02-01', '421288198902011234', '已婚', 1, '福建', 1, 'chenjing@qq.com', '18795556693', '海南省海口市美兰区', 82, 12, 30, '劳动合同', '高中', '市场营销', '武汉大学', '2015-06-09', '在职', '00000022', 3, NULL, NULL, '2015-06-09', '2018-06-08', NULL);
INSERT INTO `employee` VALUES (1496, '鹿存亮3', '男', '1990-01-03', '610122199001031456', '已婚', 1, '陕西', 3, 'zhao@qq.com', '15612347795', '陕西省西安市莲湖区', 92, 12, 34, '劳动合同', '高中', '电子工程', '哈尔滨理工大学', '2018-01-01', '在职', '00000024', 3.5, NULL, NULL, '2018-01-01', '2021-07-14', NULL);
INSERT INTO `employee` VALUES (1497, '姚森3', '男', '1991-02-05', '610122199102058952', '已婚', 1, '河南', 3, 'yaosen@qq.com', '14785559936', '河南洛阳人民大道58号', 92, 15, 34, '劳动合同', '初中', '室内装修设计', '西北大学', '2017-01-02', '在职', '00000025', 7, NULL, NULL, '2017-01-02', '2024-01-17', NULL);
INSERT INTO `employee` VALUES (1498, '云星3', '女', '1993-01-05', '610122199301054789', '已婚', 1, '福建', 1, 'yunxing@qq.com', '15644442252', '陕西西安新城区', 92, 16, 34, '劳务合同', '硕士', '通信工程', '西安电子科技学校', '2018-01-01', '在职', '00000026', 5.25, NULL, NULL, '2018-01-01', '2023-04-13', NULL);
INSERT INTO `employee` VALUES (1499, '贾旭明3', '男', '1993-11-11', '610122199311111234', '已婚', 1, '上海', 4, 'jiaxuming@qq.com', '15644441234', '广东省广州市天河区冼村路', 78, 15, 33, '劳务合同', '初中', '通信工程', '西北大学', '2018-01-01', '在职', '00000027', 5.25, NULL, NULL, '2018-01-01', '2023-04-13', NULL);
INSERT INTO `employee` VALUES (1500, '张黎明3', '男', '1991-02-01', '610144199102014569', '已婚', 1, '广东', 6, 'zhangliming@qq.com', '18979994478', '广东珠海', 91, 15, 33, '劳动合同', '高中', '考古', '清华大学', '2018-01-01', '在职', '00000028', 7, NULL, NULL, '2018-01-01', '2025-01-30', NULL);
INSERT INTO `employee` VALUES (1501, '薛磊3', '男', '1992-07-01', '610144199207017895', '已婚', 1, '湖北', 13, 'xuelei@qq.com', '15648887741', '西安市雁塔区', 92, 14, 34, '劳动合同', '初中', '无', '华胥中学', '2018-01-01', '在职', '00000029', 6, NULL, NULL, '2018-01-01', '2024-01-17', NULL);
INSERT INTO `employee` VALUES (1503, '陈静4', '女', '1989-02-01', '421288198902011234', '已婚', 1, '福建', 1, 'chenjing@qq.com', '18795556693', '海南省海口市美兰区', 82, 12, 30, '劳动合同', '高中', '市场营销', '武汉大学', '2015-06-09', '在职', '00000032', 3, NULL, NULL, '2015-06-09', '2018-06-08', NULL);
INSERT INTO `employee` VALUES (1504, '赵琳浩4', '男', '1993-03-04', '610122199303041456', '未婚', 1, '陕西', 3, 'zhao@qq.com', '15698887795', '陕西省西安市莲湖区', 91, 12, 33, '劳动合同', '博士', '电子工程', '哈尔滨理工大学', '2018-01-01', '在职', '00000033', 3.5, NULL, NULL, '2018-01-01', '2021-07-14', NULL);
INSERT INTO `employee` VALUES (1505, '鹿存亮4', '男', '1990-01-03', '610122199001031456', '已婚', 1, '陕西', 3, 'zhao@qq.com', '15612347795', '陕西省西安市莲湖区', 92, 12, 34, '劳动合同', '高中', '电子工程', '哈尔滨理工大学', '2018-01-01', '在职', '00000034', 3.5, NULL, NULL, '2018-01-01', '2021-07-14', NULL);
INSERT INTO `employee` VALUES (1506, '姚森4', '男', '1991-02-05', '610122199102058952', '已婚', 1, '河南', 3, 'yaosen@qq.com', '14785559936', '河南洛阳人民大道58号', 92, 15, 34, '劳动合同', '初中', '室内装修设计', '西北大学', '2017-01-02', '在职', '00000035', 7, NULL, NULL, '2017-01-02', '2024-01-17', NULL);
INSERT INTO `employee` VALUES (1507, '云星4', '女', '1993-01-05', '610122199301054789', '已婚', 1, '福建', 1, 'yunxing@qq.com', '15644442252', '陕西西安新城区', 92, 16, 34, '劳务合同', '硕士', '通信工程', '西安电子科技学校', '2018-01-01', '在职', '00000036', 5.25, NULL, NULL, '2018-01-01', '2023-04-13', NULL);
INSERT INTO `employee` VALUES (1508, '贾旭明4', '男', '1993-11-11', '610122199311111234', '已婚', 1, '上海', 4, 'jiaxuming@qq.com', '15644441234', '广东省广州市天河区冼村路', 78, 15, 33, '劳务合同', '初中', '通信工程', '西北大学', '2018-01-01', '在职', '00000037', 5.25, NULL, NULL, '2018-01-01', '2023-04-13', NULL);
INSERT INTO `employee` VALUES (1509, '谢工', '女', '1970-01-01', '618177197001011234', '离异', 1, '福建', 1, '123456789@qq.com', '18558887788', '北京', 91, 12, 29, '劳动合同', '本科', '计算机软件', '南华大学', '2018-01-01', '在职', '00000038', 5, NULL, NULL, '2018-01-01', '2023-01-01', NULL);
INSERT INTO `employee` VALUES (1510, '林昭亮', '男', '1990-01-01', '610122199809091234', '已婚', 1, '广东', 13, '123456789@qq.com', '16767776654', '广东深圳', 91, 15, 33, '劳动合同', '大专', '计算机软件', '广东职业技术学院', '2018-01-01', '在职', '00000039', 5, NULL, NULL, '2018-01-01', '2023-01-01', NULL);
INSERT INTO `employee` VALUES (1511, 'test', '男', '1995-10-01', '610122201801011234', '已婚', 1, '福建', 1, '123456789@qq.com', '111', '1', 89, 9, 29, '劳动合同', '本科', '1', '1', '2018-01-01', '在职', '00000040', 4, NULL, NULL, '2018-01-01', '2022-01-26', NULL);
INSERT INTO `employee` VALUES (1512, 'test', '男', '1995-10-01', '610188199809091234', '已婚', 1, '福建', 1, '123456789@qq.com', '1', '1', 89, 9, 29, '劳动合同', '大专', '1', '1', '2018-01-31', '在职', '00000041', 1, NULL, NULL, '2018-01-31', '2019-01-31', NULL);
INSERT INTO `employee` VALUES (1513, 'test', '男', '1995-10-01', '610122199909090000', '已婚', 1, '福建', 1, '123456789@qq.com', '1', '1', 78, 9, 29, '劳动合同', '大专', '1', '1', '2018-01-31', '在职', '00000042', 1, NULL, NULL, '2018-01-31', '2019-01-31', NULL);
INSERT INTO `employee` VALUES (1514, 'test', '男', '1995-10-01', '610122199909090000', '已婚', 1, '福建', 1, '123456789@qq.com', '1', '1', 81, 9, 29, '劳动合同', '大专', '1', '1', '2018-01-31', '在职', '00000043', 0, NULL, NULL, '2018-01-31', '2018-01-31', NULL);
INSERT INTO `employee` VALUES (1515, 'test', '男', '1995-10-01', '610122199909099999', '已婚', 1, '福建', 1, '123456789@qq.com', '1', '1', 87, 9, 29, '劳动合同', '大专', '1', '1', '2018-01-01', '在职', '00000044', 0, NULL, NULL, '2018-01-01', '2018-01-31', NULL);
INSERT INTO `employee` VALUES (1516, 'test', '男', '1995-10-01', '610122199909099999', '已婚', 1, '福建', 1, '123456789@qq.com', '1', '1', 78, 9, 29, '劳动合同', '大专', '1', '1', '2018-01-01', '在职', '00000045', 0, NULL, NULL, '2018-01-01', '2018-01-31', NULL);
INSERT INTO `employee` VALUES (1517, '林伯渠', '男', '1995-10-01', '610122199909099999', '未婚', 1, '福建', 1, '123456789@qq.com', '1', '1', 8, 9, 29, '劳动合同', '大专', '1', '1', '2018-01-31', '在职', '00000046', 0, NULL, NULL, '2018-01-31', '2018-01-31', NULL);
INSERT INTO `employee` VALUES (1518, 'test', '男', '1995-10-01', '610122199909091234', '已婚', 1, '福建', 1, '123456789@qq.com', '1', '1', 8, 9, 29, '劳动合同', '大专', '1', '1', '2018-01-31', '在职', '00000047', 0, NULL, NULL, '2018-01-31', '2018-01-31', NULL);
INSERT INTO `employee` VALUES (1519, 'test', '男', '1989-12-31', '610122199001011256', '已婚', 1, '陕西', 13, 'laowang@qq.com', '18565558897', '深圳市南山区', 5, 9, 29, '劳务合同', '本科', '信息管理与信息系统', '深圳大学', '2017-12-31', '在职', '00000057', 2, '2018-03-31', NULL, '2017-12-31', '2019-12-31', NULL);
INSERT INTO `employee` VALUES (1520, 'test', '男', '1989-12-31', '610122199001011256', '已婚', 1, '陕西', 13, 'laowang@qq.com', '18565558897', '深圳市南山区', 93, 9, 29, '劳务合同', '本科', '信息管理与信息系统', '深圳大学', '2019-11-05', '在职', '00000058', 2, '2018-03-31', NULL, '2017-12-31', '2019-12-31', NULL);
INSERT INTO `employee` VALUES (1521, 'test', '男', '1989-12-31', '610122199001011256', '已婚', 1, '北京', 13, 'laowang@qq.com', '18565558897', '深圳市南山区', 93, 9, 29, '劳务合同', '本科', '信息管理与信息系统', '深圳大学', '2019-11-05', '在职', '00000059', 2, '2018-03-31', NULL, '2017-12-31', '2019-12-31', NULL);
INSERT INTO `employee` VALUES (1522, 'test', '男', '1989-12-31', '610122199001011256', '已婚', 1, '陕西', 13, 'laowan@123.com', '18565558897', '深圳市南山区', 5, 9, 29, '劳务合同', '本科', '信息管理与信息系统', '深圳大学', '2017-12-31', '在职', '00000060', 2, '2018-03-31', NULL, '2017-12-31', '2019-12-31', NULL);
INSERT INTO `employee` VALUES (1523, 'test', '男', '1989-12-31', '610122199001011256', '已婚', 1, '陕西', 13, 'laowan@123.com', '18565558897', '深圳市南山区', 5, 9, 29, '劳务合同', '本科', '信息管理与信息系统', '深圳大学', '2017-12-31', '在职', '00000060', 2, '2018-03-31', NULL, '2017-12-31', '2019-12-31', NULL);
INSERT INTO `employee` VALUES (1526, 'test', '男', '1989-12-31', '610122199001011256', '已婚', 1, '陕西', 13, 'laowang@qq.com', '18565558897', '深圳市南山区', 91, 9, 29, '劳务合同', '本科', '信息管理与信息系统', '深圳大学', '2017-12-31', '在职', '00000061', 2, '2018-03-31', NULL, '2017-12-31', '2019-12-31', NULL);
INSERT INTO `employee` VALUES (1527, 'test', '男', '1989-12-31', '610122199001011256', '已婚', 1, '陕西', 13, 'laowang@qq.com', '18565558897', '深圳市南山区', 91, 9, 29, '劳务合同', '本科', '信息管理与信息系统', '深圳大学', '2017-12-31', '在职', '00000062', 6.17, '2018-03-31', NULL, '2017-12-31', '2024-02-29', NULL);
INSERT INTO `employee` VALUES (1528, 'test', '男', '1995-10-01', '610122199911111111', '已婚', 1, '广东', 13, '123@qq.com', '12345678901', '广东深圳', 78, 9, 29, '劳动合同', '本科', '信管', '深圳大学', '2019-11-10', '在职', '00000063', 3.25, '2020-02-10', NULL, '2019-11-10', '2023-02-22', NULL);
INSERT INTO `employee` VALUES (1529, 'test', '男', '1995-10-01', '610122199911111111', '已婚', 1, '广东', 13, '123@qq.com', '12345678901', '广东深圳', 78, 9, 29, '劳动合同', '本科', '信管', '深圳大学', '2019-11-10', '在职', '00000063', 3.25, '2020-02-10', NULL, '2019-11-10', '2023-02-22', NULL);
INSERT INTO `employee` VALUES (1533, '鹿存亮', '男', '1990-01-03', '610122199001031456', '已婚', 1, '陕西', 3, 'zhao@qq.com', '15612347795', '陕西省西安市莲湖区', 92, 12, 34, '劳动合同', '高中', '电子工程', '哈尔滨理工大学', '2018-01-01', '在职', '00000004', 3.5, '2018-04-01', NULL, '2018-01-01', '2021-07-14', NULL);
INSERT INTO `employee` VALUES (1534, '姚森', '男', '1991-02-05', '610122199102058952', '已婚', 1, '河南', 3, 'yaosen@qq.com', '14785559936', '河南洛阳人民大道58号', 92, 15, 34, '劳动合同', '硕士', '室内装修设计', '西北大学', '2017-01-02', '在职', '00000005', 7, '2017-04-02', NULL, '2017-01-02', '2024-01-17', NULL);
INSERT INTO `employee` VALUES (1535, '云星', '女', '1993-01-05', '610122199301054789', '已婚', 1, '福建', 1, 'yunxing@qq.com', '15644442252', '陕西西安新城区', 92, 16, 34, '劳务合同', '硕士', '通信工程', '西安电子科技学校', '2018-01-01', '在职', '00000006', 5.25, '2018-04-01', NULL, '2018-01-01', '2023-04-13', NULL);
INSERT INTO `employee` VALUES (1536, '贾旭明', '男', '1993-11-11', '610122199311111234', '已婚', 1, '上海', 4, 'jiaxuming@qq.com', '15644441234', '广东省广州市天河区冼村路', 78, 15, 33, '劳务合同', '初中', '通信工程', '西北大学', '2018-01-01', '在职', '00000007', 5.25, '2018-04-01', NULL, '2018-01-01', '2023-04-13', NULL);
INSERT INTO `employee` VALUES (1537, '张黎明', '男', '1991-02-01', '610144199102014569', '已婚', 1, '广东', 6, 'zhangliming@qq.com', '18979994478', '广东珠海', 91, 15, 33, '劳动合同', '高中', '考古', '清华大学', '2018-01-01', '在职', '00000008', 7, '2018-04-01', NULL, '2018-01-01', '2025-01-30', NULL);
INSERT INTO `employee` VALUES (1538, '薛磊', '男', '1992-07-01', '610144199207017895', '已婚', 1, '湖北', 13, 'xuelei@qq.com', '15648887741', '西安市雁塔区', 92, 14, 34, '劳动合同', '初中', '无', '华胥中学', '2018-01-01', '在职', '00000009', 6, '2018-04-01', NULL, '2018-01-01', '2024-01-17', NULL);
INSERT INTO `employee` VALUES (1539, '张洁', '女', '1990-10-09', '420177199010093652', '未婚', 1, '海南', 5, 'zhangjie@qq.com', '13695557742', '海口市美兰区', 92, 16, 34, '劳动合同', '高中', '无', '海南侨中', '2018-01-01', '在职', '00000010', 1, '2018-01-31', NULL, '2018-01-01', '2019-01-01', NULL);
INSERT INTO `employee` VALUES (1541, '陈静2', '女', '1989-02-01', '421288198902011234', '已婚', 1, '福建', 1, 'chenjing@qq.com', '18795556693', '海南省海口市美兰区', 82, 12, 30, '劳动合同', '高中', '市场营销', '武汉大学', '2015-06-09', '在职', '00000012', 3, '2015-09-10', NULL, '2015-06-09', '2018-06-08', NULL);
INSERT INTO `employee` VALUES (1542, '赵琳浩2', '男', '1993-03-04', '610122199303041456', '未婚', 1, '陕西', 3, 'zhao@qq.com', '15698887795', '陕西省西安市莲湖区', 91, 12, 33, '劳动合同', '博士', '电子工程', '哈尔滨理工大学', '2018-01-01', '在职', '00000013', 3.5, '2018-04-01', NULL, '2018-01-01', '2021-07-14', NULL);
INSERT INTO `employee` VALUES (1543, '鹿存亮2', '男', '1990-01-03', '610122199001031456', '已婚', 1, '陕西', 3, 'zhao@qq.com', '15612347795', '陕西省西安市莲湖区', 92, 12, 34, '劳动合同', '高中', '电子工程', '哈尔滨理工大学', '2018-01-01', '在职', '00000014', 3.5, '2018-04-01', NULL, '2018-01-01', '2021-07-14', NULL);
INSERT INTO `employee` VALUES (1544, '姚森2', '男', '1991-02-05', '610122199102058952', '已婚', 1, '河南', 3, 'yaosen@qq.com', '14785559936', '河南洛阳人民大道58号', 92, 15, 34, '劳动合同', '初中', '室内装修设计', '西北大学', '2017-01-02', '在职', '00000015', 7, '2017-04-02', NULL, '2017-01-02', '2024-01-17', NULL);
INSERT INTO `employee` VALUES (1545, '云星2', '女', '1993-01-05', '610122199301054789', '已婚', 1, '福建', 1, 'yunxing@qq.com', '15644442252', '陕西西安新城区', 92, 16, 34, '劳务合同', '硕士', '通信工程', '西安电子科技学校', '2018-01-01', '在职', '00000016', 5.25, '2018-04-01', NULL, '2018-01-01', '2023-04-13', NULL);
INSERT INTO `employee` VALUES (1546, '贾旭明2', '男', '1993-11-11', '610122199311111234', '已婚', 1, '上海', 4, 'jiaxuming@qq.com', '15644441234', '广东省广州市天河区冼村路', 78, 15, 33, '劳务合同', '初中', '通信工程', '西北大学', '2018-01-01', '在职', '00000017', 5.25, '2018-04-01', NULL, '2018-01-01', '2023-04-13', NULL);
INSERT INTO `employee` VALUES (1547, '王一亭', '男', '1991-02-01', '610144199102014569', '已婚', 1, '广东', 6, 'zhangliming@qq.com', '18979994478', '广东珠海', 91, 15, 33, '劳动合同', '高中', '考古', '清华大学', '2018-01-01', '在职', '00000018', 7, '2018-04-01', NULL, '2018-01-01', '2025-01-30', NULL);
INSERT INTO `employee` VALUES (1548, '薛磊2', '男', '1992-07-01', '610144199207017895', '已婚', 1, '湖北', 13, 'xuelei@qq.com', '15648887741', '西安市雁塔区', 92, 14, 34, '劳动合同', '初中', '无', '华胥中学', '2018-01-01', '在职', '00000019', 1, '2018-04-01', NULL, '2018-01-01', '2019-01-01', NULL);
INSERT INTO `employee` VALUES (1549, '张洁2', '女', '1990-10-09', '420177199010093652', '未婚', 1, '海南', 5, 'zhangjie@qq.com', '13695557742', '海口市美兰区', 92, 16, 34, '劳动合同', '高中', '无', '海南侨中', '2018-01-01', '在职', '00000020', 1, '2018-01-31', NULL, '2018-01-01', '2019-01-01', NULL);
INSERT INTO `employee` VALUES (1551, '陈静3', '女', '1989-02-01', '421288198902011234', '已婚', 1, '福建', 1, 'chenjing@qq.com', '18795556693', '海南省海口市美兰区', 82, 12, 30, '劳动合同', '高中', '市场营销', '武汉大学', '2015-06-09', '在职', '00000022', 3, '2015-09-10', NULL, '2015-06-09', '2018-06-08', NULL);
INSERT INTO `employee` VALUES (1552, '鹿存亮3', '男', '1990-01-03', '610122199001031456', '已婚', 1, '陕西', 3, 'zhao@qq.com', '15612347795', '陕西省西安市莲湖区', 92, 12, 34, '劳动合同', '高中', '电子工程', '哈尔滨理工大学', '2018-01-01', '在职', '00000024', 3.5, '2018-04-01', NULL, '2018-01-01', '2021-07-14', NULL);
INSERT INTO `employee` VALUES (1553, '姚森3', '男', '1991-02-05', '610122199102058952', '已婚', 1, '河南', 3, 'yaosen@qq.com', '14785559936', '河南洛阳人民大道58号', 92, 15, 34, '劳动合同', '初中', '室内装修设计', '西北大学', '2017-01-02', '在职', '00000025', 7, '2017-04-02', NULL, '2017-01-02', '2024-01-17', NULL);
INSERT INTO `employee` VALUES (1554, '云星3', '女', '1993-01-05', '610122199301054789', '已婚', 1, '福建', 1, 'yunxing@qq.com', '15644442252', '陕西西安新城区', 92, 16, 34, '劳务合同', '硕士', '通信工程', '西安电子科技学校', '2018-01-01', '在职', '00000026', 5.25, '2018-04-01', NULL, '2018-01-01', '2023-04-13', NULL);
INSERT INTO `employee` VALUES (1555, '贾旭明3', '男', '1993-11-11', '610122199311111234', '已婚', 1, '上海', 4, 'jiaxuming@qq.com', '15644441234', '广东省广州市天河区冼村路', 78, 15, 33, '劳务合同', '初中', '通信工程', '西北大学', '2018-01-01', '在职', '00000027', 5.25, '2018-04-01', NULL, '2018-01-01', '2023-04-13', NULL);
INSERT INTO `employee` VALUES (1556, '张黎明3', '男', '1991-02-01', '610144199102014569', '已婚', 1, '广东', 6, 'zhangliming@qq.com', '18979994478', '广东珠海', 91, 15, 33, '劳动合同', '高中', '考古', '清华大学', '2018-01-01', '在职', '00000028', 7, '2018-04-01', NULL, '2018-01-01', '2025-01-30', NULL);
INSERT INTO `employee` VALUES (1557, '薛磊3', '男', '1992-07-01', '610144199207017895', '已婚', 1, '湖北', 13, 'xuelei@qq.com', '15648887741', '西安市雁塔区', 92, 14, 34, '劳动合同', '初中', '无', '华胥中学', '2018-01-01', '在职', '00000029', 6, '2018-04-01', NULL, '2018-01-01', '2024-01-17', NULL);
INSERT INTO `employee` VALUES (1559, '陈静4', '女', '1989-02-01', '421288198902011234', '已婚', 1, '福建', 1, 'chenjing@qq.com', '18795556693', '海南省海口市美兰区', 82, 12, 30, '劳动合同', '高中', '市场营销', '武汉大学', '2015-06-09', '在职', '00000032', 3, '2015-09-10', NULL, '2015-06-09', '2018-06-08', NULL);
INSERT INTO `employee` VALUES (1560, '赵琳浩4', '男', '1993-03-04', '610122199303041456', '未婚', 1, '陕西', 3, 'zhao@qq.com', '15698887795', '陕西省西安市莲湖区', 91, 12, 33, '劳动合同', '博士', '电子工程', '哈尔滨理工大学', '2018-01-01', '在职', '00000033', 3.5, '2018-04-01', NULL, '2018-01-01', '2021-07-14', NULL);
INSERT INTO `employee` VALUES (1561, '鹿存亮4', '男', '1990-01-03', '610122199001031456', '已婚', 1, '陕西', 3, 'zhao@qq.com', '15612347795', '陕西省西安市莲湖区', 92, 12, 34, '劳动合同', '高中', '电子工程', '哈尔滨理工大学', '2018-01-01', '在职', '00000034', 3.5, '2018-04-01', NULL, '2018-01-01', '2021-07-14', NULL);
INSERT INTO `employee` VALUES (1562, '姚森4', '男', '1991-02-05', '610122199102058952', '已婚', 1, '河南', 3, 'yaosen@qq.com', '14785559936', '河南洛阳人民大道58号', 92, 15, 34, '劳动合同', '初中', '室内装修设计', '西北大学', '2017-01-02', '在职', '00000035', 7, '2017-04-02', NULL, '2017-01-02', '2024-01-17', NULL);
INSERT INTO `employee` VALUES (1563, '云星4', '女', '1993-01-05', '610122199301054789', '已婚', 1, '福建', 1, 'yunxing@qq.com', '15644442252', '陕西西安新城区', 92, 16, 34, '劳务合同', '硕士', '通信工程', '西安电子科技学校', '2018-01-01', '在职', '00000036', 5.25, '2018-04-01', NULL, '2018-01-01', '2023-04-13', NULL);
INSERT INTO `employee` VALUES (1564, '贾旭明4', '男', '1993-11-11', '610122199311111234', '已婚', 1, '上海', 4, 'jiaxuming@qq.com', '15644441234', '广东省广州市天河区冼村路', 78, 15, 33, '劳务合同', '初中', '通信工程', '西北大学', '2018-01-01', '在职', '00000037', 5.25, '2018-04-01', NULL, '2018-01-01', '2023-04-13', NULL);
INSERT INTO `employee` VALUES (1565, '张黎明2', '男', '1991-02-01', '610144199102014569', '已婚', 1, '广东', 6, 'zhangliming@qq.com', '18979994478', '广东珠海', 91, 15, 33, '劳动合同', '高中', '考古', '清华大学', '2018-01-01', '在职', '00000038', 7, '2018-04-01', NULL, '2018-01-01', '2025-01-30', NULL);
INSERT INTO `employee` VALUES (1566, '薛磊4', '男', '1992-07-01', '610144199207017895', '已婚', 1, '湖北', 13, 'xuelei@qq.com', '15648887741', '西安市雁塔区', 92, 14, 34, '劳动合同', '初中', '无', '华胥中学', '2018-01-01', '在职', '00000039', 6, '2018-04-01', NULL, '2018-01-01', '2024-01-17', NULL);
INSERT INTO `employee` VALUES (1567, '张洁4', '女', '1990-10-09', '420177199010093652', '未婚', 1, '海南', 5, 'zhangjie@qq.com', '13695557742', '海口市美兰区', 92, 16, 34, '劳动合同', '高中', '无', '海南侨中', '2018-01-01', '在职', '00000040', 1, '2018-01-31', NULL, '2018-01-01', '2019-01-01', NULL);
INSERT INTO `employee` VALUES (1569, '陈静5', '女', '1989-02-01', '421288198902011234', '已婚', 1, '福建', 1, 'chenjing@qq.com', '18795556693', '海南省海口市美兰区', 82, 12, 30, '劳动合同', '高中', '市场营销', '武汉大学', '2015-06-09', '在职', '00000042', 3, '2015-09-10', NULL, '2015-06-09', '2018-06-08', NULL);
INSERT INTO `employee` VALUES (1570, '赵琳浩5', '男', '1993-03-04', '610122199303041456', '未婚', 1, '陕西', 3, 'zhao@qq.com', '15698887795', '陕西省西安市莲湖区', 91, 12, 33, '劳动合同', '博士', '电子工程', '哈尔滨理工大学', '2018-01-01', '在职', '00000043', 3.5, '2018-04-01', NULL, '2018-01-01', '2021-07-14', NULL);
INSERT INTO `employee` VALUES (1571, '鹿存亮5', '男', '1990-01-03', '610122199001031456', '已婚', 1, '陕西', 3, 'zhao@qq.com', '15612347795', '陕西省西安市莲湖区', 92, 12, 34, '劳动合同', '高中', '电子工程', '哈尔滨理工大学', '2018-01-01', '在职', '00000044', 3.5, '2018-04-01', NULL, '2018-01-01', '2021-07-14', NULL);
INSERT INTO `employee` VALUES (1572, '姚森5', '男', '1991-02-05', '610122199102058952', '已婚', 1, '河南', 3, 'yaosen@qq.com', '14785559936', '河南洛阳人民大道58号', 92, 15, 34, '劳动合同', '初中', '室内装修设计', '西北大学', '2017-01-02', '在职', '00000045', 7, '2017-04-02', NULL, '2017-01-02', '2024-01-17', NULL);
INSERT INTO `employee` VALUES (1573, '云星5', '女', '1993-01-05', '610122199301054789', '已婚', 1, '福建', 1, 'yunxing@qq.com', '15644442252', '陕西西安新城区', 92, 16, 34, '劳务合同', '硕士', '通信工程', '西安电子科技学校', '2018-01-01', '在职', '00000046', 5.25, '2018-04-01', NULL, '2018-01-01', '2023-04-13', NULL);
INSERT INTO `employee` VALUES (1574, '贾旭明5', '男', '1993-11-11', '610122199311111234', '已婚', 1, '上海', 4, 'jiaxuming@qq.com', '15644441234', '广东省广州市天河区冼村路', 78, 15, 33, '劳务合同', '初中', '通信工程', '西北大学', '2018-01-01', '在职', '00000047', 5.25, '2018-04-01', NULL, '2018-01-01', '2023-04-13', NULL);
INSERT INTO `employee` VALUES (1575, '张黎明5', '男', '1991-02-01', '610144199102014569', '已婚', 1, '广东', 6, 'zhangliming@qq.com', '18979994478', '广东珠海', 91, 15, 33, '劳动合同', '高中', '考古', '清华大学', '2018-01-01', '在职', '00000048', 7, '2018-04-01', NULL, '2018-01-01', '2025-01-30', NULL);
INSERT INTO `employee` VALUES (1576, '薛磊5', '男', '1992-07-01', '610144199207017895', '已婚', 1, '湖北', 13, 'xuelei@qq.com', '15648887741', '西安市雁塔区', 92, 14, 34, '劳动合同', '初中', '无', '华胥中学', '2018-01-01', '在职', '00000049', 6, '2018-04-01', NULL, '2018-01-01', '2024-01-17', NULL);
INSERT INTO `employee` VALUES (1577, '张洁5', '女', '1990-10-09', '420177199010093652', '未婚', 1, '海南', 5, 'zhangjie@qq.com', '13695557742', '海口市美兰区', 92, 16, 34, '劳动合同', '高中', '无', '海南侨中', '2018-01-01', '在职', '00000050', 1, '2018-01-31', NULL, '2018-01-01', '2019-01-01', NULL);
INSERT INTO `employee` VALUES (1579, '陈静6', '女', '1989-02-01', '421288198902011234', '已婚', 1, '福建', 1, 'chenjing@qq.com', '18795556693', '海南省海口市美兰区', 82, 12, 30, '劳动合同', '高中', '市场营销', '武汉大学', '2015-06-09', '在职', '00000052', 3, '2015-09-10', NULL, '2015-06-09', '2018-06-08', NULL);
INSERT INTO `employee` VALUES (1580, '赵琳浩6', '男', '1993-03-04', '610122199303041456', '未婚', 1, '陕西', 3, 'zhao@qq.com', '15698887795', '陕西省西安市莲湖区', 91, 12, 33, '劳动合同', '博士', '电子工程', '哈尔滨理工大学', '2018-01-01', '在职', '00000053', 3.5, '2018-04-01', NULL, '2018-01-01', '2021-07-14', NULL);
INSERT INTO `employee` VALUES (1581, '鹿存亮6', '男', '1990-01-03', '610122199001031456', '已婚', 1, '陕西', 3, 'zhao@qq.com', '15612347795', '陕西省西安市莲湖区', 92, 12, 34, '劳动合同', '高中', '电子工程', '哈尔滨理工大学', '2018-01-01', '在职', '00000054', 3.5, '2018-04-01', NULL, '2018-01-01', '2021-07-14', NULL);
INSERT INTO `employee` VALUES (1582, '姚森6', '男', '1991-02-05', '610122199102058952', '已婚', 1, '河南', 3, 'yaosen@qq.com', '14785559936', '河南洛阳人民大道58号', 92, 15, 34, '劳动合同', '初中', '室内装修设计', '西北大学', '2017-01-02', '在职', '00000055', 7, '2017-04-02', NULL, '2017-01-02', '2024-01-17', NULL);
INSERT INTO `employee` VALUES (1583, '云星6', '女', '1993-01-05', '610122199301054789', '已婚', 1, '福建', 1, 'yunxing@qq.com', '15644442252', '陕西西安新城区', 92, 16, 34, '劳务合同', '硕士', '通信工程', '西安电子科技学校', '2018-01-01', '在职', '00000056', 5.25, '2018-04-01', NULL, '2018-01-01', '2023-04-13', NULL);
INSERT INTO `employee` VALUES (1587, '鹿存亮', '男', '1990-01-03', '610122199001031456', '已婚', 1, '陕西', 3, 'zhao@qq.com', '15612347795', '陕西省西安市莲湖区', 92, 12, 34, '劳动合同', '高中', '电子工程', '哈尔滨理工大学', '2018-01-01', '在职', '00000004', 3.5, NULL, NULL, '2018-01-01', '2021-07-14', NULL);
INSERT INTO `employee` VALUES (1588, '姚森', '男', '1991-02-05', '610122199102058952', '已婚', 1, '河南', 3, 'yaosen@qq.com', '14785559936', '河南洛阳人民大道58号', 92, 15, 34, '劳动合同', '初中', '室内装修设计', '西北大学', '2017-01-02', '在职', '00000005', 7, NULL, NULL, '2017-01-02', '2024-01-17', NULL);
INSERT INTO `employee` VALUES (1589, '贾旭明', '男', '1993-11-11', '610122199311111234', '已婚', 1, '上海', 4, 'jiaxuming@qq.com', '15644441234', '广东省广州市天河区冼村路', 78, 15, 33, '劳务合同', '初中', '通信工程', '西北大学', '2018-01-01', '在职', '00000007', 5.25, NULL, NULL, '2018-01-01', '2023-04-13', NULL);
INSERT INTO `employee` VALUES (1590, '张黎明', '男', '1991-02-01', '610144199102014569', '已婚', 1, '广东', 6, 'zhangliming@qq.com', '18979994478', '广东珠海', 91, 15, 33, '劳动合同', '高中', '考古', '清华大学', '2018-01-01', '在职', '00000008', 7, NULL, NULL, '2018-01-01', '2025-01-30', NULL);
INSERT INTO `employee` VALUES (1591, '薛磊', '男', '1992-07-01', '610144199207017895', '已婚', 1, '湖北', 13, 'xuelei@qq.com', '15648887741', '西安市雁塔区', 92, 14, 34, '劳动合同', '初中', '无', '华胥中学', '2018-01-01', '在职', '00000009', 6, NULL, NULL, '2018-01-01', '2024-01-17', NULL);
INSERT INTO `employee` VALUES (1592, '张洁', '女', '1990-10-09', '420177199010093652', '未婚', 1, '海南', 5, 'zhangjie@qq.com', '13695557742', '海口市美兰区', 92, 16, 34, '劳动合同', '高中', '无', '海南侨中', '2018-01-01', '在职', '00000010', 1, NULL, NULL, '2018-01-01', '2019-01-01', NULL);
INSERT INTO `employee` VALUES (1594, '陈静2', '女', '1989-02-01', '421288198902011234', '已婚', 1, '福建', 1, 'chenjing@qq.com', '18795556693', '海南省海口市美兰区', 82, 12, 30, '劳动合同', '高中', '市场营销', '武汉大学', '2015-06-09', '在职', '00000012', 3, NULL, NULL, '2015-06-09', '2018-06-08', NULL);
INSERT INTO `employee` VALUES (1595, '赵琳浩2', '男', '1993-03-04', '610122199303041456', '未婚', 1, '陕西', 3, 'zhao@qq.com', '15698887795', '陕西省西安市莲湖区', 91, 12, 33, '劳动合同', '博士', '电子工程', '哈尔滨理工大学', '2018-01-01', '在职', '00000013', 3.5, NULL, NULL, '2018-01-01', '2021-07-14', NULL);
INSERT INTO `employee` VALUES (1596, '鹿存亮2', '男', '1990-01-03', '610122199001031456', '已婚', 1, '陕西', 3, 'zhao@qq.com', '15612347795', '陕西省西安市莲湖区', 92, 12, 34, '劳动合同', '高中', '电子工程', '哈尔滨理工大学', '2018-01-01', '在职', '00000014', 3.5, NULL, NULL, '2018-01-01', '2021-07-14', NULL);
INSERT INTO `employee` VALUES (1597, '姚森2', '男', '1991-02-05', '610122199102058952', '已婚', 1, '河南', 3, 'yaosen@qq.com', '14785559936', '河南洛阳人民大道58号', 92, 15, 34, '劳动合同', '初中', '室内装修设计', '西北大学', '2017-01-02', '在职', '00000015', 7, NULL, NULL, '2017-01-02', '2024-01-17', NULL);
INSERT INTO `employee` VALUES (1598, '云星2', '女', '1993-01-05', '610122199301054789', '已婚', 1, '福建', 1, 'yunxing@qq.com', '15644442252', '陕西西安新城区', 92, 16, 34, '劳务合同', '硕士', '通信工程', '西安电子科技学校', '2018-01-01', '在职', '00000016', 5.25, NULL, NULL, '2018-01-01', '2023-04-13', NULL);
INSERT INTO `employee` VALUES (1599, '贾旭明2', '男', '1993-11-11', '610122199311111234', '已婚', 1, '上海', 4, 'jiaxuming@qq.com', '15644441234', '广东省广州市天河区冼村路', 78, 15, 33, '劳务合同', '初中', '通信工程', '西北大学', '2018-01-01', '在职', '00000017', 5.25, NULL, NULL, '2018-01-01', '2023-04-13', NULL);
INSERT INTO `employee` VALUES (1600, '王一亭', '男', '1991-02-01', '610144199102014569', '已婚', 1, '广东', 6, 'zhangliming@qq.com', '18979994478', '广东珠海', 91, 15, 33, '劳动合同', '高中', '考古', '清华大学', '2018-01-01', '在职', '00000018', 7, NULL, NULL, '2018-01-01', '2025-01-30', NULL);
INSERT INTO `employee` VALUES (1601, '薛磊2', '男', '1992-07-01', '610144199207017895', '已婚', 1, '湖北', 13, 'xuelei@qq.com', '15648887741', '西安市雁塔区', 92, 14, 34, '劳动合同', '初中', '无', '华胥中学', '2018-01-01', '在职', '00000019', 1, NULL, NULL, '2018-01-01', '2019-01-01', NULL);
INSERT INTO `employee` VALUES (1602, '张洁2', '女', '1990-10-09', '420177199010093652', '未婚', 1, '海南', 5, 'zhangjie@qq.com', '13695557742', '海口市美兰区', 92, 16, 34, '劳动合同', '高中', '无', '海南侨中', '2018-01-01', '在职', '00000020', 1, NULL, NULL, '2018-01-01', '2019-01-01', NULL);
INSERT INTO `employee` VALUES (1604, '陈静3', '女', '1989-02-01', '421288198902011234', '已婚', 1, '福建', 1, 'chenjing@qq.com', '18795556693', '海南省海口市美兰区', 82, 12, 30, '劳动合同', '高中', '市场营销', '武汉大学', '2015-06-09', '在职', '00000022', 3, NULL, NULL, '2015-06-09', '2018-06-08', NULL);
INSERT INTO `employee` VALUES (1605, '鹿存亮3', '男', '1990-01-03', '610122199001031456', '已婚', 1, '陕西', 3, 'zhao@qq.com', '15612347795', '陕西省西安市莲湖区', 92, 12, 34, '劳动合同', '高中', '电子工程', '哈尔滨理工大学', '2018-01-01', '在职', '00000024', 3.5, NULL, NULL, '2018-01-01', '2021-07-14', NULL);
INSERT INTO `employee` VALUES (1606, '姚森3', '男', '1991-02-05', '610122199102058952', '已婚', 1, '河南', 3, 'yaosen@qq.com', '14785559936', '河南洛阳人民大道58号', 92, 15, 34, '劳动合同', '初中', '室内装修设计', '西北大学', '2017-01-02', '在职', '00000025', 7, NULL, NULL, '2017-01-02', '2024-01-17', NULL);
INSERT INTO `employee` VALUES (1607, '云星3', '女', '1993-01-05', '610122199301054789', '已婚', 1, '福建', 1, 'yunxing@qq.com', '15644442252', '陕西西安新城区', 92, 16, 34, '劳务合同', '硕士', '通信工程', '西安电子科技学校', '2018-01-01', '在职', '00000026', 5.25, NULL, NULL, '2018-01-01', '2023-04-13', NULL);
INSERT INTO `employee` VALUES (1608, '贾旭明3', '男', '1993-11-11', '610122199311111234', '已婚', 1, '上海', 4, 'jiaxuming@qq.com', '15644441234', '广东省广州市天河区冼村路', 78, 15, 33, '劳务合同', '初中', '通信工程', '西北大学', '2018-01-01', '在职', '00000027', 5.25, NULL, NULL, '2018-01-01', '2023-04-13', NULL);
INSERT INTO `employee` VALUES (1609, '张黎明3', '男', '1991-02-01', '610144199102014569', '已婚', 1, '广东', 6, 'zhangliming@qq.com', '18979994478', '广东珠海', 91, 15, 33, '劳动合同', '高中', '考古', '清华大学', '2018-01-01', '在职', '00000028', 7, NULL, NULL, '2018-01-01', '2025-01-30', NULL);
INSERT INTO `employee` VALUES (1610, '薛磊3', '男', '1992-07-01', '610144199207017895', '已婚', 1, '湖北', 13, 'xuelei@qq.com', '15648887741', '西安市雁塔区', 92, 14, 34, '劳动合同', '初中', '无', '华胥中学', '2018-01-01', '在职', '00000029', 6, NULL, NULL, '2018-01-01', '2024-01-17', NULL);
INSERT INTO `employee` VALUES (1612, '陈静4', '女', '1989-02-01', '421288198902011234', '已婚', 1, '福建', 1, 'chenjing@qq.com', '18795556693', '海南省海口市美兰区', 82, 12, 30, '劳动合同', '高中', '市场营销', '武汉大学', '2015-06-09', '在职', '00000032', 3, NULL, NULL, '2015-06-09', '2018-06-08', NULL);
INSERT INTO `employee` VALUES (1613, '赵琳浩4', '男', '1993-03-04', '610122199303041456', '未婚', 1, '陕西', 3, 'zhao@qq.com', '15698887795', '陕西省西安市莲湖区', 91, 12, 33, '劳动合同', '博士', '电子工程', '哈尔滨理工大学', '2018-01-01', '在职', '00000033', 3.5, NULL, NULL, '2018-01-01', '2021-07-14', NULL);
INSERT INTO `employee` VALUES (1614, '鹿存亮4', '男', '1990-01-03', '610122199001031456', '已婚', 1, '陕西', 3, 'zhao@qq.com', '15612347795', '陕西省西安市莲湖区', 92, 12, 34, '劳动合同', '高中', '电子工程', '哈尔滨理工大学', '2018-01-01', '在职', '00000034', 3.5, NULL, NULL, '2018-01-01', '2021-07-14', NULL);
INSERT INTO `employee` VALUES (1615, '姚森4', '男', '1991-02-05', '610122199102058952', '已婚', 1, '河南', 3, 'yaosen@qq.com', '14785559936', '河南洛阳人民大道58号', 92, 15, 34, '劳动合同', '初中', '室内装修设计', '西北大学', '2017-01-02', '在职', '00000035', 7, NULL, NULL, '2017-01-02', '2024-01-17', NULL);
INSERT INTO `employee` VALUES (1616, '云星4', '女', '1993-01-05', '610122199301054789', '已婚', 1, '福建', 1, 'yunxing@qq.com', '15644442252', '陕西西安新城区', 92, 16, 34, '劳务合同', '硕士', '通信工程', '西安电子科技学校', '2018-01-01', '在职', '00000036', 5.25, NULL, NULL, '2018-01-01', '2023-04-13', NULL);
INSERT INTO `employee` VALUES (1617, '贾旭明4', '男', '1993-11-11', '610122199311111234', '已婚', 1, '上海', 4, 'jiaxuming@qq.com', '15644441234', '广东省广州市天河区冼村路', 78, 15, 33, '劳务合同', '初中', '通信工程', '西北大学', '2018-01-01', '在职', '00000037', 5.25, NULL, NULL, '2018-01-01', '2023-04-13', NULL);
INSERT INTO `employee` VALUES (1618, '谢工', '女', '1970-01-01', '618177197001011234', '离异', 1, '福建', 1, '123456789@qq.com', '18558887788', '北京', 91, 12, 29, '劳动合同', '本科', '计算机软件', '南华大学', '2018-01-01', '在职', '00000038', 5, '2019-01-01', NULL, '2018-01-01', '2023-01-01', NULL);
INSERT INTO `employee` VALUES (1619, '林昭亮', '男', '1990-01-01', '610122199809091234', '已婚', 1, '广东', 13, '123456789@qq.com', '16767776654', '广东深圳', 91, 15, 33, '劳动合同', '大专', '计算机软件', '广东职业技术学院', '2018-01-01', '在职', '00000039', 5, '2018-04-01', NULL, '2018-01-01', '2023-01-01', NULL);
INSERT INTO `employee` VALUES (1620, 'test', '男', '1995-10-01', '610122201801011234', '已婚', 1, '福建', 1, '123456789@qq.com', '111', '1', 89, 9, 29, '劳动合同', '本科', '1', '1', '2018-01-01', '在职', '00000040', 4, '2018-04-01', NULL, '2018-01-01', '2022-01-26', NULL);
INSERT INTO `employee` VALUES (1621, 'test', '男', '1995-10-01', '610188199809091234', '已婚', 1, '福建', 1, '123456789@qq.com', '1', '1', 89, 9, 29, '劳动合同', '大专', '1', '1', '2018-01-31', '在职', '00000041', 1, '2018-01-31', NULL, '2018-01-31', '2019-01-31', NULL);
INSERT INTO `employee` VALUES (1622, 'test', '男', '1995-10-01', '610122199909090000', '已婚', 1, '福建', 1, '123456789@qq.com', '1', '1', 78, 9, 29, '劳动合同', '大专', '1', '1', '2018-01-31', '在职', '00000042', 1, '2018-01-31', NULL, '2018-01-31', '2019-01-31', NULL);
INSERT INTO `employee` VALUES (1623, 'test', '男', '1995-10-01', '610122199909090000', '已婚', 1, '福建', 1, '123456789@qq.com', '1', '1', 81, 9, 29, '劳动合同', '大专', '1', '1', '2018-01-31', '在职', '00000043', 0, '2018-01-31', NULL, '2018-01-31', '2018-01-31', NULL);
INSERT INTO `employee` VALUES (1624, 'test', '男', '1995-10-01', '610122199909099999', '已婚', 1, '福建', 1, '123456789@qq.com', '1', '1', 87, 9, 29, '劳动合同', '大专', '1', '1', '2018-01-01', '在职', '00000044', 0, '2018-01-01', NULL, '2018-01-01', '2018-01-31', NULL);
INSERT INTO `employee` VALUES (1625, 'test', '男', '1995-10-01', '610122199909099999', '已婚', 1, '福建', 1, '123456789@qq.com', '1', '1', 78, 9, 29, '劳动合同', '大专', '1', '1', '2018-01-01', '在职', '00000045', 0, '2018-01-01', NULL, '2018-01-01', '2018-01-31', NULL);
INSERT INTO `employee` VALUES (1626, '林伯渠', '男', '1995-10-01', '610122199909099999', '未婚', 1, '福建', 1, '123456789@qq.com', '1', '1', 8, 9, 29, '劳动合同', '大专', '1', '1', '2018-01-31', '在职', '00000046', 0, '2018-01-31', NULL, '2018-01-31', '2018-01-31', NULL);
INSERT INTO `employee` VALUES (1627, 'test', '男', '1995-10-01', '610122199909091234', '已婚', 1, '福建', 1, '123456789@qq.com', '1', '1', 8, 9, 29, '劳动合同', '大专', '1', '1', '2018-01-31', '在职', '00000047', 0, '2018-01-31', NULL, '2018-01-31', '2018-01-31', NULL);
INSERT INTO `employee` VALUES (1631, '鹿存亮', '男', '1990-01-03', '610122199001031456', '已婚', 1, '陕西', 3, 'zhao@qq.com', '15612347795', '陕西省西安市莲湖区', 92, 12, 34, '劳动合同', '高中', '电子工程', '哈尔滨理工大学', '2018-01-01', '在职', '00000004', 3.5, NULL, NULL, '2018-01-01', '2021-07-14', NULL);
INSERT INTO `employee` VALUES (1632, '姚森', '男', '1991-02-05', '610122199102058952', '已婚', 1, '河南', 3, 'yaosen@qq.com', '14785559936', '河南洛阳人民大道58号', 92, 15, 34, '劳动合同', '硕士', '室内装修设计', '西北大学', '2017-01-02', '在职', '00000005', 7, NULL, NULL, '2017-01-02', '2024-01-17', NULL);
INSERT INTO `employee` VALUES (1633, '云星', '女', '1993-01-05', '610122199301054789', '已婚', 1, '福建', 1, 'yunxing@qq.com', '15644442252', '陕西西安新城区', 92, 16, 34, '劳务合同', '硕士', '通信工程', '西安电子科技学校', '2018-01-01', '在职', '00000006', 5.25, NULL, NULL, '2018-01-01', '2023-04-13', NULL);
INSERT INTO `employee` VALUES (1634, '贾旭明', '男', '1993-11-11', '610122199311111234', '已婚', 1, '上海', 4, 'jiaxuming@qq.com', '15644441234', '广东省广州市天河区冼村路', 78, 15, 33, '劳务合同', '初中', '通信工程', '西北大学', '2018-01-01', '在职', '00000007', 5.25, NULL, NULL, '2018-01-01', '2023-04-13', NULL);
INSERT INTO `employee` VALUES (1635, '张黎明', '男', '1991-02-01', '610144199102014569', '已婚', 1, '广东', 6, 'zhangliming@qq.com', '18979994478', '广东珠海', 91, 15, 33, '劳动合同', '高中', '考古', '清华大学', '2018-01-01', '在职', '00000008', 7, NULL, NULL, '2018-01-01', '2025-01-30', NULL);
INSERT INTO `employee` VALUES (1636, '薛磊', '男', '1992-07-01', '610144199207017895', '已婚', 1, '湖北', 13, 'xuelei@qq.com', '15648887741', '西安市雁塔区', 92, 14, 34, '劳动合同', '初中', '无', '华胥中学', '2018-01-01', '在职', '00000009', 6, NULL, NULL, '2018-01-01', '2024-01-17', NULL);
INSERT INTO `employee` VALUES (1637, '张洁', '女', '1990-10-09', '420177199010093652', '未婚', 1, '海南', 5, 'zhangjie@qq.com', '13695557742', '海口市美兰区', 92, 16, 34, '劳动合同', '高中', '无', '海南侨中', '2018-01-01', '在职', '00000010', 1, NULL, NULL, '2018-01-01', '2019-01-01', NULL);
INSERT INTO `employee` VALUES (1639, '陈静2', '女', '1989-02-01', '421288198902011234', '已婚', 1, '福建', 1, 'chenjing@qq.com', '18795556693', '海南省海口市美兰区', 82, 12, 30, '劳动合同', '高中', '市场营销', '武汉大学', '2015-06-09', '在职', '00000012', 3, NULL, NULL, '2015-06-09', '2018-06-08', NULL);
INSERT INTO `employee` VALUES (1640, '赵琳浩2', '男', '1993-03-04', '610122199303041456', '未婚', 1, '陕西', 3, 'zhao@qq.com', '15698887795', '陕西省西安市莲湖区', 91, 12, 33, '劳动合同', '博士', '电子工程', '哈尔滨理工大学', '2018-01-01', '在职', '00000013', 3.5, NULL, NULL, '2018-01-01', '2021-07-14', NULL);
INSERT INTO `employee` VALUES (1641, '鹿存亮2', '男', '1990-01-03', '610122199001031456', '已婚', 1, '陕西', 3, 'zhao@qq.com', '15612347795', '陕西省西安市莲湖区', 92, 12, 34, '劳动合同', '高中', '电子工程', '哈尔滨理工大学', '2018-01-01', '在职', '00000014', 3.5, NULL, NULL, '2018-01-01', '2021-07-14', NULL);
INSERT INTO `employee` VALUES (1642, '姚森2', '男', '1991-02-05', '610122199102058952', '已婚', 1, '河南', 3, 'yaosen@qq.com', '14785559936', '河南洛阳人民大道58号', 92, 15, 34, '劳动合同', '初中', '室内装修设计', '西北大学', '2017-01-02', '在职', '00000015', 7, NULL, NULL, '2017-01-02', '2024-01-17', NULL);
INSERT INTO `employee` VALUES (1643, '云星2', '女', '1993-01-05', '610122199301054789', '已婚', 1, '福建', 1, 'yunxing@qq.com', '15644442252', '陕西西安新城区', 92, 16, 34, '劳务合同', '硕士', '通信工程', '西安电子科技学校', '2018-01-01', '在职', '00000016', 5.25, NULL, NULL, '2018-01-01', '2023-04-13', NULL);
INSERT INTO `employee` VALUES (1644, '贾旭明2', '男', '1993-11-11', '610122199311111234', '已婚', 1, '上海', 4, 'jiaxuming@qq.com', '15644441234', '广东省广州市天河区冼村路', 78, 15, 33, '劳务合同', '初中', '通信工程', '西北大学', '2018-01-01', '在职', '00000017', 5.25, NULL, NULL, '2018-01-01', '2023-04-13', NULL);
INSERT INTO `employee` VALUES (1645, '王一亭', '男', '1991-02-01', '610144199102014569', '已婚', 1, '广东', 6, 'zhangliming@qq.com', '18979994478', '广东珠海', 91, 15, 33, '劳动合同', '高中', '考古', '清华大学', '2018-01-01', '在职', '00000018', 7, NULL, NULL, '2018-01-01', '2025-01-30', NULL);
INSERT INTO `employee` VALUES (1646, '薛磊2', '男', '1992-07-01', '610144199207017895', '已婚', 1, '湖北', 13, 'xuelei@qq.com', '15648887741', '西安市雁塔区', 92, 14, 34, '劳动合同', '初中', '无', '华胥中学', '2018-01-01', '在职', '00000019', 1, NULL, NULL, '2018-01-01', '2019-01-01', NULL);
INSERT INTO `employee` VALUES (1647, '张洁2', '女', '1990-10-09', '420177199010093652', '未婚', 1, '海南', 5, 'zhangjie@qq.com', '13695557742', '海口市美兰区', 92, 16, 34, '劳动合同', '高中', '无', '海南侨中', '2018-01-01', '在职', '00000020', 1, NULL, NULL, '2018-01-01', '2019-01-01', NULL);
INSERT INTO `employee` VALUES (1649, '陈静3', '女', '1989-02-01', '421288198902011234', '已婚', 1, '福建', 1, 'chenjing@qq.com', '18795556693', '海南省海口市美兰区', 82, 12, 30, '劳动合同', '高中', '市场营销', '武汉大学', '2015-06-09', '在职', '00000022', 3, NULL, NULL, '2015-06-09', '2018-06-08', NULL);
INSERT INTO `employee` VALUES (1650, '鹿存亮3', '男', '1990-01-03', '610122199001031456', '已婚', 1, '陕西', 3, 'zhao@qq.com', '15612347795', '陕西省西安市莲湖区', 92, 12, 34, '劳动合同', '高中', '电子工程', '哈尔滨理工大学', '2018-01-01', '在职', '00000024', 3.5, NULL, NULL, '2018-01-01', '2021-07-14', NULL);
INSERT INTO `employee` VALUES (1651, '姚森3', '男', '1991-02-05', '610122199102058952', '已婚', 1, '河南', 3, 'yaosen@qq.com', '14785559936', '河南洛阳人民大道58号', 92, 15, 34, '劳动合同', '初中', '室内装修设计', '西北大学', '2017-01-02', '在职', '00000025', 7, NULL, NULL, '2017-01-02', '2024-01-17', NULL);
INSERT INTO `employee` VALUES (1652, '云星3', '女', '1993-01-05', '610122199301054789', '已婚', 1, '福建', 1, 'yunxing@qq.com', '15644442252', '陕西西安新城区', 92, 16, 34, '劳务合同', '硕士', '通信工程', '西安电子科技学校', '2018-01-01', '在职', '00000026', 5.25, NULL, NULL, '2018-01-01', '2023-04-13', NULL);
INSERT INTO `employee` VALUES (1653, '贾旭明3', '男', '1993-11-11', '610122199311111234', '已婚', 1, '上海', 4, 'jiaxuming@qq.com', '15644441234', '广东省广州市天河区冼村路', 78, 15, 33, '劳务合同', '初中', '通信工程', '西北大学', '2018-01-01', '在职', '00000027', 5.25, NULL, NULL, '2018-01-01', '2023-04-13', NULL);
INSERT INTO `employee` VALUES (1654, '张黎明3', '男', '1991-02-01', '610144199102014569', '已婚', 1, '广东', 6, 'zhangliming@qq.com', '18979994478', '广东珠海', 91, 15, 33, '劳动合同', '高中', '考古', '清华大学', '2018-01-01', '在职', '00000028', 7, NULL, NULL, '2018-01-01', '2025-01-30', NULL);
INSERT INTO `employee` VALUES (1655, '薛磊3', '男', '1992-07-01', '610144199207017895', '已婚', 1, '湖北', 13, 'xuelei@qq.com', '15648887741', '西安市雁塔区', 92, 14, 34, '劳动合同', '初中', '无', '华胥中学', '2018-01-01', '在职', '00000029', 6, NULL, NULL, '2018-01-01', '2024-01-17', NULL);
INSERT INTO `employee` VALUES (1657, '陈静4', '女', '1989-02-01', '421288198902011234', '已婚', 1, '福建', 1, 'chenjing@qq.com', '18795556693', '海南省海口市美兰区', 82, 12, 30, '劳动合同', '高中', '市场营销', '武汉大学', '2015-06-09', '在职', '00000032', 3, NULL, NULL, '2015-06-09', '2018-06-08', NULL);
INSERT INTO `employee` VALUES (1658, '赵琳浩4', '男', '1993-03-04', '610122199303041456', '未婚', 1, '陕西', 3, 'zhao@qq.com', '15698887795', '陕西省西安市莲湖区', 91, 12, 33, '劳动合同', '博士', '电子工程', '哈尔滨理工大学', '2018-01-01', '在职', '00000033', 3.5, NULL, NULL, '2018-01-01', '2021-07-14', NULL);
INSERT INTO `employee` VALUES (1659, '鹿存亮4', '男', '1990-01-03', '610122199001031456', '已婚', 1, '陕西', 3, 'zhao@qq.com', '15612347795', '陕西省西安市莲湖区', 92, 12, 34, '劳动合同', '高中', '电子工程', '哈尔滨理工大学', '2018-01-01', '在职', '00000034', 3.5, NULL, NULL, '2018-01-01', '2021-07-14', NULL);
INSERT INTO `employee` VALUES (1660, '姚森4', '男', '1991-02-05', '610122199102058952', '已婚', 1, '河南', 3, 'yaosen@qq.com', '14785559936', '河南洛阳人民大道58号', 92, 15, 34, '劳动合同', '初中', '室内装修设计', '西北大学', '2017-01-02', '在职', '00000035', 7, NULL, NULL, '2017-01-02', '2024-01-17', NULL);
INSERT INTO `employee` VALUES (1661, '云星4', '女', '1993-01-05', '610122199301054789', '已婚', 1, '福建', 1, 'yunxing@qq.com', '15644442252', '陕西西安新城区', 92, 16, 34, '劳务合同', '硕士', '通信工程', '西安电子科技学校', '2018-01-01', '在职', '00000036', 5.25, NULL, NULL, '2018-01-01', '2023-04-13', NULL);
INSERT INTO `employee` VALUES (1662, '贾旭明4', '男', '1993-11-11', '610122199311111234', '已婚', 1, '上海', 4, 'jiaxuming@qq.com', '15644441234', '广东省广州市天河区冼村路', 78, 15, 33, '劳务合同', '初中', '通信工程', '西北大学', '2018-01-01', '在职', '00000037', 5.25, NULL, NULL, '2018-01-01', '2023-04-13', NULL);
INSERT INTO `employee` VALUES (1663, '张黎明2', '男', '1991-02-01', '610144199102014569', '已婚', 1, '广东', 6, 'zhangliming@qq.com', '18979994478', '广东珠海', 91, 15, 33, '劳动合同', '高中', '考古', '清华大学', '2018-01-01', '在职', '00000038', 7, NULL, NULL, '2018-01-01', '2025-01-30', NULL);
INSERT INTO `employee` VALUES (1664, '薛磊4', '男', '1992-07-01', '610144199207017895', '已婚', 1, '湖北', 13, 'xuelei@qq.com', '15648887741', '西安市雁塔区', 92, 14, 34, '劳动合同', '初中', '无', '华胥中学', '2018-01-01', '在职', '00000039', 6, NULL, NULL, '2018-01-01', '2024-01-17', NULL);
INSERT INTO `employee` VALUES (1665, '张洁4', '女', '1990-10-09', '420177199010093652', '未婚', 1, '海南', 5, 'zhangjie@qq.com', '13695557742', '海口市美兰区', 92, 16, 34, '劳动合同', '高中', '无', '海南侨中', '2018-01-01', '在职', '00000040', 1, NULL, NULL, '2018-01-01', '2019-01-01', NULL);
INSERT INTO `employee` VALUES (1667, '陈静5', '女', '1989-02-01', '421288198902011234', '已婚', 1, '福建', 1, 'chenjing@qq.com', '18795556693', '海南省海口市美兰区', 82, 12, 30, '劳动合同', '高中', '市场营销', '武汉大学', '2015-06-09', '在职', '00000042', 3, NULL, NULL, '2015-06-09', '2018-06-08', NULL);
INSERT INTO `employee` VALUES (1668, '赵琳浩5', '男', '1993-03-04', '610122199303041456', '未婚', 1, '陕西', 3, 'zhao@qq.com', '15698887795', '陕西省西安市莲湖区', 91, 12, 33, '劳动合同', '博士', '电子工程', '哈尔滨理工大学', '2018-01-01', '在职', '00000043', 3.5, NULL, NULL, '2018-01-01', '2021-07-14', NULL);
INSERT INTO `employee` VALUES (1669, '鹿存亮5', '男', '1990-01-03', '610122199001031456', '已婚', 1, '陕西', 3, 'zhao@qq.com', '15612347795', '陕西省西安市莲湖区', 92, 12, 34, '劳动合同', '高中', '电子工程', '哈尔滨理工大学', '2018-01-01', '在职', '00000044', 3.5, NULL, NULL, '2018-01-01', '2021-07-14', NULL);
INSERT INTO `employee` VALUES (1670, '姚森5', '男', '1991-02-05', '610122199102058952', '已婚', 1, '河南', 3, 'yaosen@qq.com', '14785559936', '河南洛阳人民大道58号', 92, 15, 34, '劳动合同', '初中', '室内装修设计', '西北大学', '2017-01-02', '在职', '00000045', 7, NULL, NULL, '2017-01-02', '2024-01-17', NULL);
INSERT INTO `employee` VALUES (1671, '云星5', '女', '1993-01-05', '610122199301054789', '已婚', 1, '福建', 1, 'yunxing@qq.com', '15644442252', '陕西西安新城区', 92, 16, 34, '劳务合同', '硕士', '通信工程', '西安电子科技学校', '2018-01-01', '在职', '00000046', 5.25, NULL, NULL, '2018-01-01', '2023-04-13', NULL);
INSERT INTO `employee` VALUES (1672, '贾旭明5', '男', '1993-11-11', '610122199311111234', '已婚', 1, '上海', 4, 'jiaxuming@qq.com', '15644441234', '广东省广州市天河区冼村路', 78, 15, 33, '劳务合同', '初中', '通信工程', '西北大学', '2018-01-01', '在职', '00000047', 5.25, NULL, NULL, '2018-01-01', '2023-04-13', NULL);
INSERT INTO `employee` VALUES (1673, '张黎明5', '男', '1991-02-01', '610144199102014569', '已婚', 1, '广东', 6, 'zhangliming@qq.com', '18979994478', '广东珠海', 91, 15, 33, '劳动合同', '高中', '考古', '清华大学', '2018-01-01', '在职', '00000048', 7, NULL, NULL, '2018-01-01', '2025-01-30', NULL);
INSERT INTO `employee` VALUES (1674, '薛磊5', '男', '1992-07-01', '610144199207017895', '已婚', 1, '湖北', 13, 'xuelei@qq.com', '15648887741', '西安市雁塔区', 92, 14, 34, '劳动合同', '初中', '无', '华胥中学', '2018-01-01', '在职', '00000049', 6, NULL, NULL, '2018-01-01', '2024-01-17', NULL);
INSERT INTO `employee` VALUES (1675, '张洁5', '女', '1990-10-09', '420177199010093652', '未婚', 1, '海南', 5, 'zhangjie@qq.com', '13695557742', '海口市美兰区', 92, 16, 34, '劳动合同', '高中', '无', '海南侨中', '2018-01-01', '在职', '00000050', 1, NULL, NULL, '2018-01-01', '2019-01-01', NULL);
INSERT INTO `employee` VALUES (1677, '陈静6', '女', '1989-02-01', '421288198902011234', '已婚', 1, '福建', 1, 'chenjing@qq.com', '18795556693', '海南省海口市美兰区', 82, 12, 30, '劳动合同', '高中', '市场营销', '武汉大学', '2015-06-09', '在职', '00000052', 3, NULL, NULL, '2015-06-09', '2018-06-08', NULL);
INSERT INTO `employee` VALUES (1678, '赵琳浩6', '男', '1993-03-04', '610122199303041456', '未婚', 1, '陕西', 3, 'zhao@qq.com', '15698887795', '陕西省西安市莲湖区', 91, 12, 33, '劳动合同', '博士', '电子工程', '哈尔滨理工大学', '2018-01-01', '在职', '00000053', 3.5, NULL, NULL, '2018-01-01', '2021-07-14', NULL);
INSERT INTO `employee` VALUES (1679, '鹿存亮6', '男', '1990-01-03', '610122199001031456', '已婚', 1, '陕西', 3, 'zhao@qq.com', '15612347795', '陕西省西安市莲湖区', 92, 12, 34, '劳动合同', '高中', '电子工程', '哈尔滨理工大学', '2018-01-01', '在职', '00000054', 3.5, NULL, NULL, '2018-01-01', '2021-07-14', NULL);
INSERT INTO `employee` VALUES (1680, '姚森6', '男', '1991-02-05', '610122199102058952', '已婚', 1, '河南', 3, 'yaosen@qq.com', '14785559936', '河南洛阳人民大道58号', 92, 15, 34, '劳动合同', '初中', '室内装修设计', '西北大学', '2017-01-02', '在职', '00000055', 7, NULL, NULL, '2017-01-02', '2024-01-17', NULL);
INSERT INTO `employee` VALUES (1681, '云星6', '女', '1993-01-05', '610122199301054789', '已婚', 1, '福建', 1, 'yunxing@qq.com', '15644442252', '陕西西安新城区', 92, 16, 34, '劳务合同', '硕士', '通信工程', '西安电子科技学校', '2018-01-01', '在职', '00000056', 5.25, NULL, NULL, '2018-01-01', '2023-04-13', NULL);
INSERT INTO `employee` VALUES (1685, '鹿存亮', '男', '1990-01-03', '610122199001031456', '已婚', 1, '陕西', 3, 'zhao@qq.com', '15612347795', '陕西省西安市莲湖区', 92, 12, 34, '劳动合同', '高中', '电子工程', '哈尔滨理工大学', '2018-01-01', '在职', '00000004', 3.5, NULL, NULL, '2018-01-01', '2021-07-14', NULL);
INSERT INTO `employee` VALUES (1686, '姚森', '男', '1991-02-05', '610122199102058952', '已婚', 1, '河南', 3, 'yaosen@qq.com', '14785559936', '河南洛阳人民大道58号', 92, 15, 34, '劳动合同', '初中', '室内装修设计', '西北大学', '2017-01-02', '在职', '00000005', 7, NULL, NULL, '2017-01-02', '2024-01-17', NULL);
INSERT INTO `employee` VALUES (1687, '贾旭明', '男', '1993-11-11', '610122199311111234', '已婚', 1, '上海', 4, 'jiaxuming@qq.com', '15644441234', '广东省广州市天河区冼村路', 78, 15, 33, '劳务合同', '初中', '通信工程', '西北大学', '2018-01-01', '在职', '00000007', 5.25, NULL, NULL, '2018-01-01', '2023-04-13', NULL);
INSERT INTO `employee` VALUES (1688, '张黎明', '男', '1991-02-01', '610144199102014569', '已婚', 1, '广东', 6, 'zhangliming@qq.com', '18979994478', '广东珠海', 91, 15, 33, '劳动合同', '高中', '考古', '清华大学', '2018-01-01', '在职', '00000008', 7, NULL, NULL, '2018-01-01', '2025-01-30', NULL);
INSERT INTO `employee` VALUES (1689, '薛磊', '男', '1992-07-01', '610144199207017895', '已婚', 1, '湖北', 13, 'xuelei@qq.com', '15648887741', '西安市雁塔区', 92, 14, 34, '劳动合同', '初中', '无', '华胥中学', '2018-01-01', '在职', '00000009', 6, NULL, NULL, '2018-01-01', '2024-01-17', NULL);
INSERT INTO `employee` VALUES (1690, '张洁', '女', '1990-10-09', '420177199010093652', '未婚', 1, '海南', 5, 'zhangjie@qq.com', '13695557742', '海口市美兰区', 92, 16, 34, '劳动合同', '高中', '无', '海南侨中', '2018-01-01', '在职', '00000010', 1, NULL, NULL, '2018-01-01', '2019-01-01', NULL);
INSERT INTO `employee` VALUES (1692, '陈静2', '女', '1989-02-01', '421288198902011234', '已婚', 1, '福建', 1, 'chenjing@qq.com', '18795556693', '海南省海口市美兰区', 82, 12, 30, '劳动合同', '高中', '市场营销', '武汉大学', '2015-06-09', '在职', '00000012', 3, NULL, NULL, '2015-06-09', '2018-06-08', NULL);
INSERT INTO `employee` VALUES (1693, '赵琳浩2', '男', '1993-03-04', '610122199303041456', '未婚', 1, '陕西', 3, 'zhao@qq.com', '15698887795', '陕西省西安市莲湖区', 91, 12, 33, '劳动合同', '博士', '电子工程', '哈尔滨理工大学', '2018-01-01', '在职', '00000013', 3.5, NULL, NULL, '2018-01-01', '2021-07-14', NULL);
INSERT INTO `employee` VALUES (1694, '鹿存亮2', '男', '1990-01-03', '610122199001031456', '已婚', 1, '陕西', 3, 'zhao@qq.com', '15612347795', '陕西省西安市莲湖区', 92, 12, 34, '劳动合同', '高中', '电子工程', '哈尔滨理工大学', '2018-01-01', '在职', '00000014', 3.5, NULL, NULL, '2018-01-01', '2021-07-14', NULL);
INSERT INTO `employee` VALUES (1695, '姚森2', '男', '1991-02-05', '610122199102058952', '已婚', 1, '河南', 3, 'yaosen@qq.com', '14785559936', '河南洛阳人民大道58号', 92, 15, 34, '劳动合同', '初中', '室内装修设计', '西北大学', '2017-01-02', '在职', '00000015', 7, NULL, NULL, '2017-01-02', '2024-01-17', NULL);
INSERT INTO `employee` VALUES (1696, '云星2', '女', '1993-01-05', '610122199301054789', '已婚', 1, '福建', 1, 'yunxing@qq.com', '15644442252', '陕西西安新城区', 92, 16, 34, '劳务合同', '硕士', '通信工程', '西安电子科技学校', '2018-01-01', '在职', '00000016', 5.25, NULL, NULL, '2018-01-01', '2023-04-13', NULL);
INSERT INTO `employee` VALUES (1697, '贾旭明2', '男', '1993-11-11', '610122199311111234', '已婚', 1, '上海', 4, 'jiaxuming@qq.com', '15644441234', '广东省广州市天河区冼村路', 78, 15, 33, '劳务合同', '初中', '通信工程', '西北大学', '2018-01-01', '在职', '00000017', 5.25, NULL, NULL, '2018-01-01', '2023-04-13', NULL);
INSERT INTO `employee` VALUES (1698, '王一亭', '男', '1991-02-01', '610144199102014569', '已婚', 1, '广东', 6, 'zhangliming@qq.com', '18979994478', '广东珠海', 91, 15, 33, '劳动合同', '高中', '考古', '清华大学', '2018-01-01', '在职', '00000018', 7, NULL, NULL, '2018-01-01', '2025-01-30', NULL);
INSERT INTO `employee` VALUES (1699, '薛磊2', '男', '1992-07-01', '610144199207017895', '已婚', 1, '湖北', 13, 'xuelei@qq.com', '15648887741', '西安市雁塔区', 92, 14, 34, '劳动合同', '初中', '无', '华胥中学', '2018-01-01', '在职', '00000019', 1, NULL, NULL, '2018-01-01', '2019-01-01', NULL);
INSERT INTO `employee` VALUES (1700, '张洁2', '女', '1990-10-09', '420177199010093652', '未婚', 1, '海南', 5, 'zhangjie@qq.com', '13695557742', '海口市美兰区', 92, 16, 34, '劳动合同', '高中', '无', '海南侨中', '2018-01-01', '在职', '00000020', 1, NULL, NULL, '2018-01-01', '2019-01-01', NULL);
INSERT INTO `employee` VALUES (1702, '陈静3', '女', '1989-02-01', '421288198902011234', '已婚', 1, '福建', 1, 'chenjing@qq.com', '18795556693', '海南省海口市美兰区', 82, 12, 30, '劳动合同', '高中', '市场营销', '武汉大学', '2015-06-09', '在职', '00000022', 3, NULL, NULL, '2015-06-09', '2018-06-08', NULL);
INSERT INTO `employee` VALUES (1703, '鹿存亮3', '男', '1990-01-03', '610122199001031456', '已婚', 1, '陕西', 3, 'zhao@qq.com', '15612347795', '陕西省西安市莲湖区', 92, 12, 34, '劳动合同', '高中', '电子工程', '哈尔滨理工大学', '2018-01-01', '在职', '00000024', 3.5, NULL, NULL, '2018-01-01', '2021-07-14', NULL);
INSERT INTO `employee` VALUES (1704, '姚森3', '男', '1991-02-05', '610122199102058952', '已婚', 1, '河南', 3, 'yaosen@qq.com', '14785559936', '河南洛阳人民大道58号', 92, 15, 34, '劳动合同', '初中', '室内装修设计', '西北大学', '2017-01-02', '在职', '00000025', 7, NULL, NULL, '2017-01-02', '2024-01-17', NULL);
INSERT INTO `employee` VALUES (1705, '云星3', '女', '1993-01-05', '610122199301054789', '已婚', 1, '福建', 1, 'yunxing@qq.com', '15644442252', '陕西西安新城区', 92, 16, 34, '劳务合同', '硕士', '通信工程', '西安电子科技学校', '2018-01-01', '在职', '00000026', 5.25, NULL, NULL, '2018-01-01', '2023-04-13', NULL);
INSERT INTO `employee` VALUES (1706, '贾旭明3', '男', '1993-11-11', '610122199311111234', '已婚', 1, '上海', 4, 'jiaxuming@qq.com', '15644441234', '广东省广州市天河区冼村路', 78, 15, 33, '劳务合同', '初中', '通信工程', '西北大学', '2018-01-01', '在职', '00000027', 5.25, NULL, NULL, '2018-01-01', '2023-04-13', NULL);
INSERT INTO `employee` VALUES (1707, '张黎明3', '男', '1991-02-01', '610144199102014569', '已婚', 1, '广东', 6, 'zhangliming@qq.com', '18979994478', '广东珠海', 91, 15, 33, '劳动合同', '高中', '考古', '清华大学', '2018-01-01', '在职', '00000028', 7, NULL, NULL, '2018-01-01', '2025-01-30', NULL);
INSERT INTO `employee` VALUES (1708, '薛磊3', '男', '1992-07-01', '610144199207017895', '已婚', 1, '湖北', 13, 'xuelei@qq.com', '15648887741', '西安市雁塔区', 92, 14, 34, '劳动合同', '初中', '无', '华胥中学', '2018-01-01', '在职', '00000029', 6, NULL, NULL, '2018-01-01', '2024-01-17', NULL);
INSERT INTO `employee` VALUES (1710, '陈静4', '女', '1989-02-01', '421288198902011234', '已婚', 1, '福建', 1, 'chenjing@qq.com', '18795556693', '海南省海口市美兰区', 82, 12, 30, '劳动合同', '高中', '市场营销', '武汉大学', '2015-06-09', '在职', '00000032', 3, NULL, NULL, '2015-06-09', '2018-06-08', NULL);
INSERT INTO `employee` VALUES (1711, '赵琳浩4', '男', '1993-03-04', '610122199303041456', '未婚', 1, '陕西', 3, 'zhao@qq.com', '15698887795', '陕西省西安市莲湖区', 91, 12, 33, '劳动合同', '博士', '电子工程', '哈尔滨理工大学', '2018-01-01', '在职', '00000033', 3.5, NULL, NULL, '2018-01-01', '2021-07-14', NULL);
INSERT INTO `employee` VALUES (1712, '鹿存亮4', '男', '1990-01-03', '610122199001031456', '已婚', 1, '陕西', 3, 'zhao@qq.com', '15612347795', '陕西省西安市莲湖区', 92, 12, 34, '劳动合同', '高中', '电子工程', '哈尔滨理工大学', '2018-01-01', '在职', '00000034', 3.5, NULL, NULL, '2018-01-01', '2021-07-14', NULL);
INSERT INTO `employee` VALUES (1713, '姚森4', '男', '1991-02-05', '610122199102058952', '已婚', 1, '河南', 3, 'yaosen@qq.com', '14785559936', '河南洛阳人民大道58号', 92, 15, 34, '劳动合同', '初中', '室内装修设计', '西北大学', '2017-01-02', '在职', '00000035', 7, NULL, NULL, '2017-01-02', '2024-01-17', NULL);
INSERT INTO `employee` VALUES (1714, '云星4', '女', '1993-01-05', '610122199301054789', '已婚', 1, '福建', 1, 'yunxing@qq.com', '15644442252', '陕西西安新城区', 92, 16, 34, '劳务合同', '硕士', '通信工程', '西安电子科技学校', '2018-01-01', '在职', '00000036', 5.25, NULL, NULL, '2018-01-01', '2023-04-13', NULL);
INSERT INTO `employee` VALUES (1715, '贾旭明4', '男', '1993-11-11', '610122199311111234', '已婚', 1, '上海', 4, 'jiaxuming@qq.com', '15644441234', '广东省广州市天河区冼村路', 78, 15, 33, '劳务合同', '初中', '通信工程', '西北大学', '2018-01-01', '在职', '00000037', 5.25, NULL, NULL, '2018-01-01', '2023-04-13', NULL);
INSERT INTO `employee` VALUES (1716, '谢工', '女', '1970-01-01', '618177197001011234', '离异', 1, '福建', 1, '123456789@qq.com', '18558887788', '北京', 91, 12, 29, '劳动合同', '本科', '计算机软件', '南华大学', '2018-01-01', '在职', '00000038', 5, NULL, NULL, '2018-01-01', '2023-01-01', NULL);
INSERT INTO `employee` VALUES (1717, '林昭亮', '男', '1990-01-01', '610122199809091234', '已婚', 1, '广东', 13, '123456789@qq.com', '16767776654', '广东深圳', 91, 15, 33, '劳动合同', '大专', '计算机软件', '广东职业技术学院', '2018-01-01', '在职', '00000039', 5, NULL, NULL, '2018-01-01', '2023-01-01', NULL);
INSERT INTO `employee` VALUES (1718, 'test', '男', '1995-10-01', '610122201801011234', '已婚', 1, '福建', 1, '123456789@qq.com', '111', '1', 89, 9, 29, '劳动合同', '本科', '1', '1', '2018-01-01', '在职', '00000040', 4, NULL, NULL, '2018-01-01', '2022-01-26', NULL);
INSERT INTO `employee` VALUES (1719, 'test', '男', '1995-10-01', '610188199809091234', '已婚', 1, '福建', 1, '123456789@qq.com', '1', '1', 89, 9, 29, '劳动合同', '大专', '1', '1', '2018-01-31', '在职', '00000041', 1, NULL, NULL, '2018-01-31', '2019-01-31', NULL);
INSERT INTO `employee` VALUES (1720, 'test', '男', '1995-10-01', '610122199909090000', '已婚', 1, '福建', 1, '123456789@qq.com', '1', '1', 78, 9, 29, '劳动合同', '大专', '1', '1', '2018-01-31', '在职', '00000042', 1, NULL, NULL, '2018-01-31', '2019-01-31', NULL);
INSERT INTO `employee` VALUES (1721, 'test', '男', '1995-10-01', '610122199909090000', '已婚', 1, '福建', 1, '123456789@qq.com', '1', '1', 81, 9, 29, '劳动合同', '大专', '1', '1', '2018-01-31', '在职', '00000043', 0, NULL, NULL, '2018-01-31', '2018-01-31', NULL);
INSERT INTO `employee` VALUES (1722, 'test', '男', '1995-10-01', '610122199909099999', '已婚', 1, '福建', 1, '123456789@qq.com', '1', '1', 87, 9, 29, '劳动合同', '大专', '1', '1', '2018-01-01', '在职', '00000044', 0, NULL, NULL, '2018-01-01', '2018-01-31', NULL);
INSERT INTO `employee` VALUES (1723, 'test', '男', '1995-10-01', '610122199909099999', '已婚', 1, '福建', 1, '123456789@qq.com', '1', '1', 78, 9, 29, '劳动合同', '大专', '1', '1', '2018-01-01', '在职', '00000045', 0, NULL, NULL, '2018-01-01', '2018-01-31', NULL);
INSERT INTO `employee` VALUES (1724, '林伯渠', '男', '1995-10-01', '610122199909099999', '未婚', 1, '福建', 1, '123456789@qq.com', '1', '1', 8, 9, 29, '劳动合同', '大专', '1', '1', '2018-01-31', '在职', '00000046', 0, NULL, NULL, '2018-01-31', '2018-01-31', NULL);
INSERT INTO `employee` VALUES (1725, 'test', '男', '1995-10-01', '610122199909091234', '已婚', 1, '福建', 1, '123456789@qq.com', '1', '1', 8, 9, 29, '劳动合同', '大专', '1', '1', '2018-01-31', '在职', '00000047', 0, NULL, NULL, '2018-01-31', '2018-01-31', NULL);
INSERT INTO `employee` VALUES (1726, 'test', '男', '1989-12-31', '610122199001011256', '已婚', 1, '陕西', 13, 'laowang@qq.com', '18565558897', '深圳市南山区', 5, 9, 29, '劳务合同', '本科', '信息管理与信息系统', '深圳大学', '2017-12-31', '在职', '00000057', 2, '2018-03-31', NULL, '2017-12-31', '2019-12-31', NULL);
INSERT INTO `employee` VALUES (1727, 'test', '男', '1989-12-31', '610122199001011256', '已婚', 1, '陕西', 13, 'laowang@qq.com', '18565558897', '深圳市南山区', 93, 9, 29, '劳务合同', '本科', '信息管理与信息系统', '深圳大学', '2019-11-05', '在职', '00000058', 2, '2018-03-31', NULL, '2017-12-31', '2019-12-31', NULL);
INSERT INTO `employee` VALUES (1728, 'test', '男', '1989-12-31', '610122199001011256', '已婚', 1, '', 13, 'laowang@qq.com', '18565558897', '深圳市南山区', 93, 9, 29, '劳务合同', '本科', '信息管理与信息系统', '深圳大学', '2019-11-05', '在职', '00000059', 2, '2018-03-31', NULL, '2017-12-31', '2019-12-31', NULL);
INSERT INTO `employee` VALUES (1729, 'test', '男', '1989-12-31', '610122199001011256', '已婚', 1, '陕西', 13, 'laowan@123.com', '18565558897', '深圳市南山区', 5, 9, 29, '劳务合同', '本科', '信息管理与信息系统', '深圳大学', '2017-12-31', '在职', '00000060', 2, '2018-03-31', NULL, '2017-12-31', '2019-12-31', NULL);
INSERT INTO `employee` VALUES (1730, 'test', '男', '1989-12-31', '610122199001011256', '已婚', 1, '陕西', 13, 'laowan@123.com', '18565558897', '深圳市南山区', 5, 9, 29, '劳务合同', '本科', '信息管理与信息系统', '深圳大学', '2017-12-31', '在职', '00000060', 2, '2018-03-31', NULL, '2017-12-31', '2019-12-31', NULL);
INSERT INTO `employee` VALUES (1731, 'test', '男', '1989-12-31', '610122199001011256', '已婚', 1, '陕西', 13, 'laowang@qq.com', '18565558897', '深圳市南山区', 91, 9, 29, '劳务合同', '本科', '信息管理与信息系统', '深圳大学', '2017-12-31', '在职', '00000061', 2, '2018-03-31', NULL, '2017-12-31', '2019-12-31', NULL);
INSERT INTO `employee` VALUES (1732, 'test', '男', '1989-12-31', '610122199001011256', '已婚', 1, '陕西', 13, 'laowang@qq.com', '18565558897', '深圳市南山区', 91, 9, 29, '劳务合同', '本科', '信息管理与信息系统', '深圳大学', '2017-12-31', '在职', '00000062', 6.17, '2018-03-31', NULL, '2017-12-31', '2024-02-29', NULL);
INSERT INTO `employee` VALUES (1733, 'test', '男', '1995-10-01', '610122199911111111', '已婚', 1, '广东', 13, '123@qq.com', '12345678901', '广东深圳', 78, 9, 29, '劳动合同', '本科', '信管', '深圳大学', '2019-11-10', '在职', '00000063', 3.25, '2020-02-10', NULL, '2019-11-10', '2023-02-22', NULL);
INSERT INTO `employee` VALUES (1734, 'test', '男', '1995-10-01', '610122199911111111', '已婚', 1, '广东', 13, '123@qq.com', '12345678901', '广东深圳', 78, 9, 29, '劳动合同', '本科', '信管', '深圳大学', '2019-11-10', '在职', '00000063', 3.25, '2020-02-10', NULL, '2019-11-10', '2023-02-22', NULL);
INSERT INTO `employee` VALUES (1738, '鹿存亮', '男', '1990-01-03', '610122199001031456', '已婚', 1, '陕西', 3, 'zhao@qq.com', '15612347795', '陕西省西安市莲湖区', 92, 12, 34, '劳动合同', '高中', '电子工程', '哈尔滨理工大学', '2018-01-01', '在职', '00000004', 3.5, '2018-04-01', NULL, '2018-01-01', '2021-07-14', NULL);
INSERT INTO `employee` VALUES (1739, '姚森', '男', '1991-02-05', '610122199102058952', '已婚', 1, '河南', 3, 'yaosen@qq.com', '14785559936', '河南洛阳人民大道58号', 92, 15, 34, '劳动合同', '硕士', '室内装修设计', '西北大学', '2017-01-02', '在职', '00000005', 7, '2017-04-02', NULL, '2017-01-02', '2024-01-17', NULL);
INSERT INTO `employee` VALUES (1740, '云星', '女', '1993-01-05', '610122199301054789', '已婚', 1, '福建', 1, 'yunxing@qq.com', '15644442252', '陕西西安新城区', 92, 16, 34, '劳务合同', '硕士', '通信工程', '西安电子科技学校', '2018-01-01', '在职', '00000006', 5.25, '2018-04-01', NULL, '2018-01-01', '2023-04-13', NULL);
INSERT INTO `employee` VALUES (1741, '贾旭明', '男', '1993-11-11', '610122199311111234', '已婚', 1, '上海', 4, 'jiaxuming@qq.com', '15644441234', '广东省广州市天河区冼村路', 78, 15, 33, '劳务合同', '初中', '通信工程', '西北大学', '2018-01-01', '在职', '00000007', 5.25, '2018-04-01', NULL, '2018-01-01', '2023-04-13', NULL);
INSERT INTO `employee` VALUES (1742, '张黎明', '男', '1991-02-01', '610144199102014569', '已婚', 1, '广东', 6, 'zhangliming@qq.com', '18979994478', '广东珠海', 91, 15, 33, '劳动合同', '高中', '考古', '清华大学', '2018-01-01', '在职', '00000008', 7, '2018-04-01', NULL, '2018-01-01', '2025-01-30', NULL);
INSERT INTO `employee` VALUES (1743, '薛磊', '男', '1992-07-01', '610144199207017895', '已婚', 1, '湖北', 13, 'xuelei@qq.com', '15648887741', '西安市雁塔区', 92, 14, 34, '劳动合同', '初中', '无', '华胥中学', '2018-01-01', '在职', '00000009', 6, '2018-04-01', NULL, '2018-01-01', '2024-01-17', NULL);
INSERT INTO `employee` VALUES (1744, '张洁', '女', '1990-10-09', '420177199010093652', '未婚', 1, '海南', 5, 'zhangjie@qq.com', '13695557742', '海口市美兰区', 92, 16, 34, '劳动合同', '高中', '无', '海南侨中', '2018-01-01', '在职', '00000010', 1, '2018-01-31', NULL, '2018-01-01', '2019-01-01', NULL);
INSERT INTO `employee` VALUES (1746, '陈静2', '女', '1989-02-01', '421288198902011234', '已婚', 1, '福建', 1, 'chenjing@qq.com', '18795556693', '海南省海口市美兰区', 82, 12, 30, '劳动合同', '高中', '市场营销', '武汉大学', '2015-06-09', '在职', '00000012', 3, '2015-09-10', NULL, '2015-06-09', '2018-06-08', NULL);
INSERT INTO `employee` VALUES (1747, '赵琳浩2', '男', '1993-03-04', '610122199303041456', '未婚', 1, '陕西', 3, 'zhao@qq.com', '15698887795', '陕西省西安市莲湖区', 91, 12, 33, '劳动合同', '博士', '电子工程', '哈尔滨理工大学', '2018-01-01', '在职', '00000013', 3.5, '2018-04-01', NULL, '2018-01-01', '2021-07-14', NULL);
INSERT INTO `employee` VALUES (1748, '鹿存亮2', '男', '1990-01-03', '610122199001031456', '已婚', 1, '陕西', 3, 'zhao@qq.com', '15612347795', '陕西省西安市莲湖区', 92, 12, 34, '劳动合同', '高中', '电子工程', '哈尔滨理工大学', '2018-01-01', '在职', '00000014', 3.5, '2018-04-01', NULL, '2018-01-01', '2021-07-14', NULL);
INSERT INTO `employee` VALUES (1749, '姚森2', '男', '1991-02-05', '610122199102058952', '已婚', 1, '河南', 3, 'yaosen@qq.com', '14785559936', '河南洛阳人民大道58号', 92, 15, 34, '劳动合同', '初中', '室内装修设计', '西北大学', '2017-01-02', '在职', '00000015', 7, '2017-04-02', NULL, '2017-01-02', '2024-01-17', NULL);
INSERT INTO `employee` VALUES (1750, '云星2', '女', '1993-01-05', '610122199301054789', '已婚', 1, '福建', 1, 'yunxing@qq.com', '15644442252', '陕西西安新城区', 92, 16, 34, '劳务合同', '硕士', '通信工程', '西安电子科技学校', '2018-01-01', '在职', '00000016', 5.25, '2018-04-01', NULL, '2018-01-01', '2023-04-13', NULL);
INSERT INTO `employee` VALUES (1751, '贾旭明2', '男', '1993-11-11', '610122199311111234', '已婚', 1, '上海', 4, 'jiaxuming@qq.com', '15644441234', '广东省广州市天河区冼村路', 78, 15, 33, '劳务合同', '初中', '通信工程', '西北大学', '2018-01-01', '在职', '00000017', 5.25, '2018-04-01', NULL, '2018-01-01', '2023-04-13', NULL);
INSERT INTO `employee` VALUES (1752, '王一亭', '男', '1991-02-01', '610144199102014569', '已婚', 1, '广东', 6, 'zhangliming@qq.com', '18979994478', '广东珠海', 91, 15, 33, '劳动合同', '高中', '考古', '清华大学', '2018-01-01', '在职', '00000018', 7, '2018-04-01', NULL, '2018-01-01', '2025-01-30', NULL);
INSERT INTO `employee` VALUES (1753, '薛磊2', '男', '1992-07-01', '610144199207017895', '已婚', 1, '湖北', 13, 'xuelei@qq.com', '15648887741', '西安市雁塔区', 92, 14, 34, '劳动合同', '初中', '无', '华胥中学', '2018-01-01', '在职', '00000019', 1, '2018-04-01', NULL, '2018-01-01', '2019-01-01', NULL);
INSERT INTO `employee` VALUES (1754, '张洁2', '女', '1990-10-09', '420177199010093652', '未婚', 1, '海南', 5, 'zhangjie@qq.com', '13695557742', '海口市美兰区', 92, 16, 34, '劳动合同', '高中', '无', '海南侨中', '2018-01-01', '在职', '00000020', 1, '2018-01-31', NULL, '2018-01-01', '2019-01-01', NULL);
INSERT INTO `employee` VALUES (1756, '陈静3', '女', '1989-02-01', '421288198902011234', '已婚', 1, '福建', 1, 'chenjing@qq.com', '18795556693', '海南省海口市美兰区', 82, 12, 30, '劳动合同', '高中', '市场营销', '武汉大学', '2015-06-09', '在职', '00000022', 3, '2015-09-10', NULL, '2015-06-09', '2018-06-08', NULL);
INSERT INTO `employee` VALUES (1757, '鹿存亮3', '男', '1990-01-03', '610122199001031456', '已婚', 1, '陕西', 3, 'zhao@qq.com', '15612347795', '陕西省西安市莲湖区', 92, 12, 34, '劳动合同', '高中', '电子工程', '哈尔滨理工大学', '2018-01-01', '在职', '00000024', 3.5, '2018-04-01', NULL, '2018-01-01', '2021-07-14', NULL);
INSERT INTO `employee` VALUES (1758, '姚森3', '男', '1991-02-05', '610122199102058952', '已婚', 1, '河南', 3, 'yaosen@qq.com', '14785559936', '河南洛阳人民大道58号', 92, 15, 34, '劳动合同', '初中', '室内装修设计', '西北大学', '2017-01-02', '在职', '00000025', 7, '2017-04-02', NULL, '2017-01-02', '2024-01-17', NULL);
INSERT INTO `employee` VALUES (1759, '云星3', '女', '1993-01-05', '610122199301054789', '已婚', 1, '福建', 1, 'yunxing@qq.com', '15644442252', '陕西西安新城区', 92, 16, 34, '劳务合同', '硕士', '通信工程', '西安电子科技学校', '2018-01-01', '在职', '00000026', 5.25, '2018-04-01', NULL, '2018-01-01', '2023-04-13', NULL);
INSERT INTO `employee` VALUES (1760, '贾旭明3', '男', '1993-11-11', '610122199311111234', '已婚', 1, '上海', 4, 'jiaxuming@qq.com', '15644441234', '广东省广州市天河区冼村路', 78, 15, 33, '劳务合同', '初中', '通信工程', '西北大学', '2018-01-01', '在职', '00000027', 5.25, '2018-04-01', NULL, '2018-01-01', '2023-04-13', NULL);
INSERT INTO `employee` VALUES (1761, '张黎明3', '男', '1991-02-01', '610144199102014569', '已婚', 1, '广东', 6, 'zhangliming@qq.com', '18979994478', '广东珠海', 91, 15, 33, '劳动合同', '高中', '考古', '清华大学', '2018-01-01', '在职', '00000028', 7, '2018-04-01', NULL, '2018-01-01', '2025-01-30', NULL);
INSERT INTO `employee` VALUES (1762, '薛磊3', '男', '1992-07-01', '610144199207017895', '已婚', 1, '湖北', 13, 'xuelei@qq.com', '15648887741', '西安市雁塔区', 92, 14, 34, '劳动合同', '初中', '无', '华胥中学', '2018-01-01', '在职', '00000029', 6, '2018-04-01', NULL, '2018-01-01', '2024-01-17', NULL);
INSERT INTO `employee` VALUES (1764, '陈静4', '女', '1989-02-01', '421288198902011234', '已婚', 1, '福建', 1, 'chenjing@qq.com', '18795556693', '海南省海口市美兰区', 82, 12, 30, '劳动合同', '高中', '市场营销', '武汉大学', '2015-06-09', '在职', '00000032', 3, '2015-09-10', NULL, '2015-06-09', '2018-06-08', NULL);
INSERT INTO `employee` VALUES (1765, '赵琳浩4', '男', '1993-03-04', '610122199303041456', '未婚', 1, '陕西', 3, 'zhao@qq.com', '15698887795', '陕西省西安市莲湖区', 91, 12, 33, '劳动合同', '博士', '电子工程', '哈尔滨理工大学', '2018-01-01', '在职', '00000033', 3.5, '2018-04-01', NULL, '2018-01-01', '2021-07-14', NULL);
INSERT INTO `employee` VALUES (1766, '鹿存亮4', '男', '1990-01-03', '610122199001031456', '已婚', 1, '陕西', 3, 'zhao@qq.com', '15612347795', '陕西省西安市莲湖区', 92, 12, 34, '劳动合同', '高中', '电子工程', '哈尔滨理工大学', '2018-01-01', '在职', '00000034', 3.5, '2018-04-01', NULL, '2018-01-01', '2021-07-14', NULL);
INSERT INTO `employee` VALUES (1767, '姚森4', '男', '1991-02-05', '610122199102058952', '已婚', 1, '河南', 3, 'yaosen@qq.com', '14785559936', '河南洛阳人民大道58号', 92, 15, 34, '劳动合同', '初中', '室内装修设计', '西北大学', '2017-01-02', '在职', '00000035', 7, '2017-04-02', NULL, '2017-01-02', '2024-01-17', NULL);
INSERT INTO `employee` VALUES (1768, '云星4', '女', '1993-01-05', '610122199301054789', '已婚', 1, '福建', 1, 'yunxing@qq.com', '15644442252', '陕西西安新城区', 92, 16, 34, '劳务合同', '硕士', '通信工程', '西安电子科技学校', '2018-01-01', '在职', '00000036', 5.25, '2018-04-01', NULL, '2018-01-01', '2023-04-13', NULL);
INSERT INTO `employee` VALUES (1769, '贾旭明4', '男', '1993-11-11', '610122199311111234', '已婚', 1, '上海', 4, 'jiaxuming@qq.com', '15644441234', '广东省广州市天河区冼村路', 78, 15, 33, '劳务合同', '初中', '通信工程', '西北大学', '2018-01-01', '在职', '00000037', 5.25, '2018-04-01', NULL, '2018-01-01', '2023-04-13', NULL);
INSERT INTO `employee` VALUES (1770, '张黎明2', '男', '1991-02-01', '610144199102014569', '已婚', 1, '广东', 6, 'zhangliming@qq.com', '18979994478', '广东珠海', 91, 15, 33, '劳动合同', '高中', '考古', '清华大学', '2018-01-01', '在职', '00000038', 7, '2018-04-01', NULL, '2018-01-01', '2025-01-30', NULL);
INSERT INTO `employee` VALUES (1771, '薛磊4', '男', '1992-07-01', '610144199207017895', '已婚', 1, '湖北', 13, 'xuelei@qq.com', '15648887741', '西安市雁塔区', 92, 14, 34, '劳动合同', '初中', '无', '华胥中学', '2018-01-01', '在职', '00000039', 6, '2018-04-01', NULL, '2018-01-01', '2024-01-17', NULL);
INSERT INTO `employee` VALUES (1772, '张洁4', '女', '1990-10-09', '420177199010093652', '未婚', 1, '海南', 5, 'zhangjie@qq.com', '13695557742', '海口市美兰区', 92, 16, 34, '劳动合同', '高中', '无', '海南侨中', '2018-01-01', '在职', '00000040', 1, '2018-01-31', NULL, '2018-01-01', '2019-01-01', NULL);
INSERT INTO `employee` VALUES (1774, '陈静5', '女', '1989-02-01', '421288198902011234', '已婚', 1, '福建', 1, 'chenjing@qq.com', '18795556693', '海南省海口市美兰区', 82, 12, 30, '劳动合同', '高中', '市场营销', '武汉大学', '2015-06-09', '在职', '00000042', 3, '2015-09-10', NULL, '2015-06-09', '2018-06-08', NULL);
INSERT INTO `employee` VALUES (1775, '赵琳浩5', '男', '1993-03-04', '610122199303041456', '未婚', 1, '陕西', 3, 'zhao@qq.com', '15698887795', '陕西省西安市莲湖区', 91, 12, 33, '劳动合同', '博士', '电子工程', '哈尔滨理工大学', '2018-01-01', '在职', '00000043', 3.5, '2018-04-01', NULL, '2018-01-01', '2021-07-14', NULL);
INSERT INTO `employee` VALUES (1776, '鹿存亮5', '男', '1990-01-03', '610122199001031456', '已婚', 1, '陕西', 3, 'zhao@qq.com', '15612347795', '陕西省西安市莲湖区', 92, 12, 34, '劳动合同', '高中', '电子工程', '哈尔滨理工大学', '2018-01-01', '在职', '00000044', 3.5, '2018-04-01', NULL, '2018-01-01', '2021-07-14', NULL);
INSERT INTO `employee` VALUES (1777, '姚森5', '男', '1991-02-05', '610122199102058952', '已婚', 1, '河南', 3, 'yaosen@qq.com', '14785559936', '河南洛阳人民大道58号', 92, 15, 34, '劳动合同', '初中', '室内装修设计', '西北大学', '2017-01-02', '在职', '00000045', 7, '2017-04-02', NULL, '2017-01-02', '2024-01-17', NULL);
INSERT INTO `employee` VALUES (1778, '云星5', '女', '1993-01-05', '610122199301054789', '已婚', 1, '福建', 1, 'yunxing@qq.com', '15644442252', '陕西西安新城区', 92, 16, 34, '劳务合同', '硕士', '通信工程', '西安电子科技学校', '2018-01-01', '在职', '00000046', 5.25, '2018-04-01', NULL, '2018-01-01', '2023-04-13', NULL);
INSERT INTO `employee` VALUES (1779, '贾旭明5', '男', '1993-11-11', '610122199311111234', '已婚', 1, '上海', 4, 'jiaxuming@qq.com', '15644441234', '广东省广州市天河区冼村路', 78, 15, 33, '劳务合同', '初中', '通信工程', '西北大学', '2018-01-01', '在职', '00000047', 5.25, '2018-04-01', NULL, '2018-01-01', '2023-04-13', NULL);
INSERT INTO `employee` VALUES (1780, '张黎明5', '男', '1991-02-01', '610144199102014569', '已婚', 1, '广东', 6, 'zhangliming@qq.com', '18979994478', '广东珠海', 91, 15, 33, '劳动合同', '高中', '考古', '清华大学', '2018-01-01', '在职', '00000048', 7, '2018-04-01', NULL, '2018-01-01', '2025-01-30', NULL);
INSERT INTO `employee` VALUES (1781, '薛磊5', '男', '1992-07-01', '610144199207017895', '已婚', 1, '湖北', 13, 'xuelei@qq.com', '15648887741', '西安市雁塔区', 92, 14, 34, '劳动合同', '初中', '无', '华胥中学', '2018-01-01', '在职', '00000049', 6, '2018-04-01', NULL, '2018-01-01', '2024-01-17', NULL);
INSERT INTO `employee` VALUES (1782, '张洁5', '女', '1990-10-09', '420177199010093652', '未婚', 1, '海南', 5, 'zhangjie@qq.com', '13695557742', '海口市美兰区', 92, 16, 34, '劳动合同', '高中', '无', '海南侨中', '2018-01-01', '在职', '00000050', 1, '2018-01-31', NULL, '2018-01-01', '2019-01-01', NULL);
INSERT INTO `employee` VALUES (1784, '陈静6', '女', '1989-02-01', '421288198902011234', '已婚', 1, '福建', 1, 'chenjing@qq.com', '18795556693', '海南省海口市美兰区', 82, 12, 30, '劳动合同', '高中', '市场营销', '武汉大学', '2015-06-09', '在职', '00000052', 3, '2015-09-10', NULL, '2015-06-09', '2018-06-08', NULL);
INSERT INTO `employee` VALUES (1785, '赵琳浩6', '男', '1993-03-04', '610122199303041456', '未婚', 1, '陕西', 3, 'zhao@qq.com', '15698887795', '陕西省西安市莲湖区', 91, 12, 33, '劳动合同', '博士', '电子工程', '哈尔滨理工大学', '2018-01-01', '在职', '00000053', 3.5, '2018-04-01', NULL, '2018-01-01', '2021-07-14', NULL);
INSERT INTO `employee` VALUES (1786, '鹿存亮6', '男', '1990-01-03', '610122199001031456', '已婚', 1, '陕西', 3, 'zhao@qq.com', '15612347795', '陕西省西安市莲湖区', 92, 12, 34, '劳动合同', '高中', '电子工程', '哈尔滨理工大学', '2018-01-01', '在职', '00000054', 3.5, '2018-04-01', NULL, '2018-01-01', '2021-07-14', NULL);
INSERT INTO `employee` VALUES (1787, '姚森6', '男', '1991-02-05', '610122199102058952', '已婚', 1, '河南', 3, 'yaosen@qq.com', '14785559936', '河南洛阳人民大道58号', 92, 15, 34, '劳动合同', '初中', '室内装修设计', '西北大学', '2017-01-02', '在职', '00000055', 7, '2017-04-02', NULL, '2017-01-02', '2024-01-17', NULL);
INSERT INTO `employee` VALUES (1788, '云星6', '女', '1993-01-05', '610122199301054789', '已婚', 1, '福建', 1, 'yunxing@qq.com', '15644442252', '陕西西安新城区', 92, 16, 34, '劳务合同', '硕士', '通信工程', '西安电子科技学校', '2018-01-01', '在职', '00000056', 5.25, '2018-04-01', NULL, '2018-01-01', '2023-04-13', NULL);
INSERT INTO `employee` VALUES (1792, '鹿存亮', '男', '1990-01-03', '610122199001031456', '已婚', 1, '陕西', 3, 'zhao@qq.com', '15612347795', '陕西省西安市莲湖区', 92, 12, 34, '劳动合同', '高中', '电子工程', '哈尔滨理工大学', '2018-01-01', '在职', '00000004', 3.5, NULL, NULL, '2018-01-01', '2021-07-14', NULL);
INSERT INTO `employee` VALUES (1793, '姚森', '男', '1991-02-05', '610122199102058952', '已婚', 1, '河南', 3, 'yaosen@qq.com', '14785559936', '河南洛阳人民大道58号', 92, 15, 34, '劳动合同', '初中', '室内装修设计', '西北大学', '2017-01-02', '在职', '00000005', 7, NULL, NULL, '2017-01-02', '2024-01-17', NULL);
INSERT INTO `employee` VALUES (1794, '贾旭明', '男', '1993-11-11', '610122199311111234', '已婚', 1, '上海', 4, 'jiaxuming@qq.com', '15644441234', '广东省广州市天河区冼村路', 78, 15, 33, '劳务合同', '初中', '通信工程', '西北大学', '2018-01-01', '在职', '00000007', 5.25, NULL, NULL, '2018-01-01', '2023-04-13', NULL);
INSERT INTO `employee` VALUES (1795, '张黎明', '男', '1991-02-01', '610144199102014569', '已婚', 1, '广东', 6, 'zhangliming@qq.com', '18979994478', '广东珠海', 91, 15, 33, '劳动合同', '高中', '考古', '清华大学', '2018-01-01', '在职', '00000008', 7, NULL, NULL, '2018-01-01', '2025-01-30', NULL);
INSERT INTO `employee` VALUES (1796, '薛磊', '男', '1992-07-01', '610144199207017895', '已婚', 1, '湖北', 13, 'xuelei@qq.com', '15648887741', '西安市雁塔区', 92, 14, 34, '劳动合同', '初中', '无', '华胥中学', '2018-01-01', '在职', '00000009', 6, NULL, NULL, '2018-01-01', '2024-01-17', NULL);
INSERT INTO `employee` VALUES (1797, '张洁', '女', '1990-10-09', '420177199010093652', '未婚', 1, '海南', 5, 'zhangjie@qq.com', '13695557742', '海口市美兰区', 92, 16, 34, '劳动合同', '高中', '无', '海南侨中', '2018-01-01', '在职', '00000010', 1, NULL, NULL, '2018-01-01', '2019-01-01', NULL);
INSERT INTO `employee` VALUES (1799, '陈静2', '女', '1989-02-01', '421288198902011234', '已婚', 1, '福建', 1, 'chenjing@qq.com', '18795556693', '海南省海口市美兰区', 82, 12, 30, '劳动合同', '高中', '市场营销', '武汉大学', '2015-06-09', '在职', '00000012', 3, NULL, NULL, '2015-06-09', '2018-06-08', NULL);
INSERT INTO `employee` VALUES (1800, '赵琳浩2', '男', '1993-03-04', '610122199303041456', '未婚', 1, '陕西', 3, 'zhao@qq.com', '15698887795', '陕西省西安市莲湖区', 91, 12, 33, '劳动合同', '博士', '电子工程', '哈尔滨理工大学', '2018-01-01', '在职', '00000013', 3.5, NULL, NULL, '2018-01-01', '2021-07-14', NULL);
INSERT INTO `employee` VALUES (1801, '鹿存亮2', '男', '1990-01-03', '610122199001031456', '已婚', 1, '陕西', 3, 'zhao@qq.com', '15612347795', '陕西省西安市莲湖区', 92, 12, 34, '劳动合同', '高中', '电子工程', '哈尔滨理工大学', '2018-01-01', '在职', '00000014', 3.5, NULL, NULL, '2018-01-01', '2021-07-14', NULL);
INSERT INTO `employee` VALUES (1802, '姚森2', '男', '1991-02-05', '610122199102058952', '已婚', 1, '河南', 3, 'yaosen@qq.com', '14785559936', '河南洛阳人民大道58号', 92, 15, 34, '劳动合同', '初中', '室内装修设计', '西北大学', '2017-01-02', '在职', '00000015', 7, NULL, NULL, '2017-01-02', '2024-01-17', NULL);
INSERT INTO `employee` VALUES (1803, '云星2', '女', '1993-01-05', '610122199301054789', '已婚', 1, '福建', 1, 'yunxing@qq.com', '15644442252', '陕西西安新城区', 92, 16, 34, '劳务合同', '硕士', '通信工程', '西安电子科技学校', '2018-01-01', '在职', '00000016', 5.25, NULL, NULL, '2018-01-01', '2023-04-13', NULL);
INSERT INTO `employee` VALUES (1804, '贾旭明2', '男', '1993-11-11', '610122199311111234', '已婚', 1, '上海', 4, 'jiaxuming@qq.com', '15644441234', '广东省广州市天河区冼村路', 78, 15, 33, '劳务合同', '初中', '通信工程', '西北大学', '2018-01-01', '在职', '00000017', 5.25, NULL, NULL, '2018-01-01', '2023-04-13', NULL);
INSERT INTO `employee` VALUES (1805, '王一亭', '男', '1991-02-01', '610144199102014569', '已婚', 1, '广东', 6, 'zhangliming@qq.com', '18979994478', '广东珠海', 91, 15, 33, '劳动合同', '高中', '考古', '清华大学', '2018-01-01', '在职', '00000018', 7, NULL, NULL, '2018-01-01', '2025-01-30', NULL);
INSERT INTO `employee` VALUES (1806, '薛磊2', '男', '1992-07-01', '610144199207017895', '已婚', 1, '湖北', 13, 'xuelei@qq.com', '15648887741', '西安市雁塔区', 92, 14, 34, '劳动合同', '初中', '无', '华胥中学', '2018-01-01', '在职', '00000019', 1, NULL, NULL, '2018-01-01', '2019-01-01', NULL);
INSERT INTO `employee` VALUES (1807, '张洁2', '女', '1990-10-09', '420177199010093652', '未婚', 1, '海南', 5, 'zhangjie@qq.com', '13695557742', '海口市美兰区', 92, 16, 34, '劳动合同', '高中', '无', '海南侨中', '2018-01-01', '在职', '00000020', 1, NULL, NULL, '2018-01-01', '2019-01-01', NULL);
INSERT INTO `employee` VALUES (1809, '陈静3', '女', '1989-02-01', '421288198902011234', '已婚', 1, '福建', 1, 'chenjing@qq.com', '18795556693', '海南省海口市美兰区', 82, 12, 30, '劳动合同', '高中', '市场营销', '武汉大学', '2015-06-09', '在职', '00000022', 3, NULL, NULL, '2015-06-09', '2018-06-08', NULL);
INSERT INTO `employee` VALUES (1810, '鹿存亮3', '男', '1990-01-03', '610122199001031456', '已婚', 1, '陕西', 3, 'zhao@qq.com', '15612347795', '陕西省西安市莲湖区', 92, 12, 34, '劳动合同', '高中', '电子工程', '哈尔滨理工大学', '2018-01-01', '在职', '00000024', 3.5, NULL, NULL, '2018-01-01', '2021-07-14', NULL);
INSERT INTO `employee` VALUES (1811, '姚森3', '男', '1991-02-05', '610122199102058952', '已婚', 1, '河南', 3, 'yaosen@qq.com', '14785559936', '河南洛阳人民大道58号', 92, 15, 34, '劳动合同', '初中', '室内装修设计', '西北大学', '2017-01-02', '在职', '00000025', 7, NULL, NULL, '2017-01-02', '2024-01-17', NULL);
INSERT INTO `employee` VALUES (1812, '云星3', '女', '1993-01-05', '610122199301054789', '已婚', 1, '福建', 1, 'yunxing@qq.com', '15644442252', '陕西西安新城区', 92, 16, 34, '劳务合同', '硕士', '通信工程', '西安电子科技学校', '2018-01-01', '在职', '00000026', 5.25, NULL, NULL, '2018-01-01', '2023-04-13', NULL);
INSERT INTO `employee` VALUES (1813, '贾旭明3', '男', '1993-11-11', '610122199311111234', '已婚', 1, '上海', 4, 'jiaxuming@qq.com', '15644441234', '广东省广州市天河区冼村路', 78, 15, 33, '劳务合同', '初中', '通信工程', '西北大学', '2018-01-01', '在职', '00000027', 5.25, NULL, NULL, '2018-01-01', '2023-04-13', NULL);
INSERT INTO `employee` VALUES (1814, '张黎明3', '男', '1991-02-01', '610144199102014569', '已婚', 1, '广东', 6, 'zhangliming@qq.com', '18979994478', '广东珠海', 91, 15, 33, '劳动合同', '高中', '考古', '清华大学', '2018-01-01', '在职', '00000028', 7, NULL, NULL, '2018-01-01', '2025-01-30', NULL);
INSERT INTO `employee` VALUES (1815, '薛磊3', '男', '1992-07-01', '610144199207017895', '已婚', 1, '湖北', 13, 'xuelei@qq.com', '15648887741', '西安市雁塔区', 92, 14, 34, '劳动合同', '初中', '无', '华胥中学', '2018-01-01', '在职', '00000029', 6, NULL, NULL, '2018-01-01', '2024-01-17', NULL);
INSERT INTO `employee` VALUES (1817, '陈静4', '女', '1989-02-01', '421288198902011234', '已婚', 1, '福建', 1, 'chenjing@qq.com', '18795556693', '海南省海口市美兰区', 82, 12, 30, '劳动合同', '高中', '市场营销', '武汉大学', '2015-06-09', '在职', '00000032', 3, NULL, NULL, '2015-06-09', '2018-06-08', NULL);
INSERT INTO `employee` VALUES (1818, '赵琳浩4', '男', '1993-03-04', '610122199303041456', '未婚', 1, '陕西', 3, 'zhao@qq.com', '15698887795', '陕西省西安市莲湖区', 91, 12, 33, '劳动合同', '博士', '电子工程', '哈尔滨理工大学', '2018-01-01', '在职', '00000033', 3.5, NULL, NULL, '2018-01-01', '2021-07-14', NULL);
INSERT INTO `employee` VALUES (1819, '鹿存亮4', '男', '1990-01-03', '610122199001031456', '已婚', 1, '陕西', 3, 'zhao@qq.com', '15612347795', '陕西省西安市莲湖区', 92, 12, 34, '劳动合同', '高中', '电子工程', '哈尔滨理工大学', '2018-01-01', '在职', '00000034', 3.5, NULL, NULL, '2018-01-01', '2021-07-14', NULL);
INSERT INTO `employee` VALUES (1820, '姚森4', '男', '1991-02-05', '610122199102058952', '已婚', 1, '河南', 3, 'yaosen@qq.com', '14785559936', '河南洛阳人民大道58号', 92, 15, 34, '劳动合同', '初中', '室内装修设计', '西北大学', '2017-01-02', '在职', '00000035', 7, NULL, NULL, '2017-01-02', '2024-01-17', NULL);
INSERT INTO `employee` VALUES (1821, '云星4', '女', '1993-01-05', '610122199301054789', '已婚', 1, '福建', 1, 'yunxing@qq.com', '15644442252', '陕西西安新城区', 92, 16, 34, '劳务合同', '硕士', '通信工程', '西安电子科技学校', '2018-01-01', '在职', '00000036', 5.25, NULL, NULL, '2018-01-01', '2023-04-13', NULL);
INSERT INTO `employee` VALUES (1822, '贾旭明4', '男', '1993-11-11', '610122199311111234', '已婚', 1, '上海', 4, 'jiaxuming@qq.com', '15644441234', '广东省广州市天河区冼村路', 78, 15, 33, '劳务合同', '初中', '通信工程', '西北大学', '2018-01-01', '在职', '00000037', 5.25, NULL, NULL, '2018-01-01', '2023-04-13', NULL);
INSERT INTO `employee` VALUES (1823, '谢工', '女', '1970-01-01', '618177197001011234', '离异', 1, '福建', 1, '123456789@qq.com', '18558887788', '北京', 91, 12, 29, '劳动合同', '本科', '计算机软件', '南华大学', '2018-01-01', '在职', '00000038', 5, '2019-01-01', NULL, '2018-01-01', '2023-01-01', NULL);
INSERT INTO `employee` VALUES (1824, '林昭亮', '男', '1990-01-01', '610122199809091234', '已婚', 1, '广东', 13, '123456789@qq.com', '16767776654', '广东深圳', 91, 15, 33, '劳动合同', '大专', '计算机软件', '广东职业技术学院', '2018-01-01', '在职', '00000039', 5, '2018-04-01', NULL, '2018-01-01', '2023-01-01', NULL);
INSERT INTO `employee` VALUES (1825, 'test', '男', '1995-10-01', '610122201801011234', '已婚', 1, '福建', 1, '123456789@qq.com', '111', '1', 89, 9, 29, '劳动合同', '本科', '1', '1', '2018-01-01', '在职', '00000040', 4, '2018-04-01', NULL, '2018-01-01', '2022-01-26', NULL);
INSERT INTO `employee` VALUES (1826, 'test', '男', '1995-10-01', '610188199809091234', '已婚', 1, '福建', 1, '123456789@qq.com', '1', '1', 89, 9, 29, '劳动合同', '大专', '1', '1', '2018-01-31', '在职', '00000041', 1, '2018-01-31', NULL, '2018-01-31', '2019-01-31', NULL);
INSERT INTO `employee` VALUES (1827, 'test', '男', '1995-10-01', '610122199909090000', '已婚', 1, '福建', 1, '123456789@qq.com', '1', '1', 78, 9, 29, '劳动合同', '大专', '1', '1', '2018-01-31', '在职', '00000042', 1, '2018-01-31', NULL, '2018-01-31', '2019-01-31', NULL);
INSERT INTO `employee` VALUES (1828, 'test', '男', '1995-10-01', '610122199909090000', '已婚', 1, '福建', 1, '123456789@qq.com', '1', '1', 81, 9, 29, '劳动合同', '大专', '1', '1', '2018-01-31', '在职', '00000043', 0, '2018-01-31', NULL, '2018-01-31', '2018-01-31', NULL);
INSERT INTO `employee` VALUES (1829, 'test', '男', '1995-10-01', '610122199909099999', '已婚', 1, '福建', 1, '123456789@qq.com', '1', '1', 87, 9, 29, '劳动合同', '大专', '1', '1', '2018-01-01', '在职', '00000044', 0, '2018-01-01', NULL, '2018-01-01', '2018-01-31', NULL);
INSERT INTO `employee` VALUES (1830, 'test', '男', '1995-10-01', '610122199909099999', '已婚', 1, '福建', 1, '123456789@qq.com', '1', '1', 78, 9, 29, '劳动合同', '大专', '1', '1', '2018-01-01', '在职', '00000045', 0, '2018-01-01', NULL, '2018-01-01', '2018-01-31', NULL);
INSERT INTO `employee` VALUES (1831, '林伯渠', '男', '1995-10-01', '610122199909099999', '未婚', 1, '福建', 1, '123456789@qq.com', '1', '1', 8, 9, 29, '劳动合同', '大专', '1', '1', '2018-01-31', '在职', '00000046', 0, '2018-01-31', NULL, '2018-01-31', '2018-01-31', NULL);
INSERT INTO `employee` VALUES (1832, 'test', '男', '1995-10-01', '610122199909091234', '已婚', 1, '福建', 1, '123456789@qq.com', '1', '1', 8, 9, 29, '劳动合同', '大专', '1', '1', '2018-01-31', '在职', '00000047', 0, '2018-01-31', NULL, '2018-01-31', '2018-01-31', NULL);
INSERT INTO `employee` VALUES (1836, '鹿存亮', '男', '1990-01-03', '610122199001031456', '已婚', 1, '陕西', 3, 'zhao@qq.com', '15612347795', '陕西省西安市莲湖区', 92, 12, 34, '劳动合同', '高中', '电子工程', '哈尔滨理工大学', '2018-01-01', '在职', '00000004', 3.5, NULL, NULL, '2018-01-01', '2021-07-14', NULL);
INSERT INTO `employee` VALUES (1837, '姚森', '男', '1991-02-05', '610122199102058952', '已婚', 1, '河南', 3, 'yaosen@qq.com', '14785559936', '河南洛阳人民大道58号', 92, 15, 34, '劳动合同', '硕士', '室内装修设计', '西北大学', '2017-01-02', '在职', '00000005', 7, NULL, NULL, '2017-01-02', '2024-01-17', NULL);
INSERT INTO `employee` VALUES (1838, '云星', '女', '1993-01-05', '610122199301054789', '已婚', 1, '福建', 1, 'yunxing@qq.com', '15644442252', '陕西西安新城区', 92, 16, 34, '劳务合同', '硕士', '通信工程', '西安电子科技学校', '2018-01-01', '在职', '00000006', 5.25, NULL, NULL, '2018-01-01', '2023-04-13', NULL);
INSERT INTO `employee` VALUES (1839, '贾旭明', '男', '1993-11-11', '610122199311111234', '已婚', 1, '上海', 4, 'jiaxuming@qq.com', '15644441234', '广东省广州市天河区冼村路', 78, 15, 33, '劳务合同', '初中', '通信工程', '西北大学', '2018-01-01', '在职', '00000007', 5.25, NULL, NULL, '2018-01-01', '2023-04-13', NULL);
INSERT INTO `employee` VALUES (1840, '张黎明', '男', '1991-02-01', '610144199102014569', '已婚', 1, '广东', 6, 'zhangliming@qq.com', '18979994478', '广东珠海', 91, 15, 33, '劳动合同', '高中', '考古', '清华大学', '2018-01-01', '在职', '00000008', 7, NULL, NULL, '2018-01-01', '2025-01-30', NULL);
INSERT INTO `employee` VALUES (1841, '薛磊', '男', '1992-07-01', '610144199207017895', '已婚', 1, '湖北', 13, 'xuelei@qq.com', '15648887741', '西安市雁塔区', 92, 14, 34, '劳动合同', '初中', '无', '华胥中学', '2018-01-01', '在职', '00000009', 6, NULL, NULL, '2018-01-01', '2024-01-17', NULL);
INSERT INTO `employee` VALUES (1842, '张洁', '女', '1990-10-09', '420177199010093652', '未婚', 1, '海南', 5, 'zhangjie@qq.com', '13695557742', '海口市美兰区', 92, 16, 34, '劳动合同', '高中', '无', '海南侨中', '2018-01-01', '在职', '00000010', 1, NULL, NULL, '2018-01-01', '2019-01-01', NULL);
INSERT INTO `employee` VALUES (1844, '陈静2', '女', '1989-02-01', '421288198902011234', '已婚', 1, '福建', 1, 'chenjing@qq.com', '18795556693', '海南省海口市美兰区', 82, 12, 30, '劳动合同', '高中', '市场营销', '武汉大学', '2015-06-09', '在职', '00000012', 3, NULL, NULL, '2015-06-09', '2018-06-08', NULL);
INSERT INTO `employee` VALUES (1845, '赵琳浩2', '男', '1993-03-04', '610122199303041456', '未婚', 1, '陕西', 3, 'zhao@qq.com', '15698887795', '陕西省西安市莲湖区', 91, 12, 33, '劳动合同', '博士', '电子工程', '哈尔滨理工大学', '2018-01-01', '在职', '00000013', 3.5, NULL, NULL, '2018-01-01', '2021-07-14', NULL);
INSERT INTO `employee` VALUES (1846, '鹿存亮2', '男', '1990-01-03', '610122199001031456', '已婚', 1, '陕西', 3, 'zhao@qq.com', '15612347795', '陕西省西安市莲湖区', 92, 12, 34, '劳动合同', '高中', '电子工程', '哈尔滨理工大学', '2018-01-01', '在职', '00000014', 3.5, NULL, NULL, '2018-01-01', '2021-07-14', NULL);
INSERT INTO `employee` VALUES (1847, '姚森2', '男', '1991-02-05', '610122199102058952', '已婚', 1, '河南', 3, 'yaosen@qq.com', '14785559936', '河南洛阳人民大道58号', 92, 15, 34, '劳动合同', '初中', '室内装修设计', '西北大学', '2017-01-02', '在职', '00000015', 7, NULL, NULL, '2017-01-02', '2024-01-17', NULL);
INSERT INTO `employee` VALUES (1848, '云星2', '女', '1993-01-05', '610122199301054789', '已婚', 1, '福建', 1, 'yunxing@qq.com', '15644442252', '陕西西安新城区', 92, 16, 34, '劳务合同', '硕士', '通信工程', '西安电子科技学校', '2018-01-01', '在职', '00000016', 5.25, NULL, NULL, '2018-01-01', '2023-04-13', NULL);
INSERT INTO `employee` VALUES (1849, '贾旭明2', '男', '1993-11-11', '610122199311111234', '已婚', 1, '上海', 4, 'jiaxuming@qq.com', '15644441234', '广东省广州市天河区冼村路', 78, 15, 33, '劳务合同', '初中', '通信工程', '西北大学', '2018-01-01', '在职', '00000017', 5.25, NULL, NULL, '2018-01-01', '2023-04-13', NULL);
INSERT INTO `employee` VALUES (1850, '王一亭', '男', '1991-02-01', '610144199102014569', '已婚', 1, '广东', 6, 'zhangliming@qq.com', '18979994478', '广东珠海', 91, 15, 33, '劳动合同', '高中', '考古', '清华大学', '2018-01-01', '在职', '00000018', 7, NULL, NULL, '2018-01-01', '2025-01-30', NULL);
INSERT INTO `employee` VALUES (1851, '薛磊2', '男', '1992-07-01', '610144199207017895', '已婚', 1, '湖北', 13, 'xuelei@qq.com', '15648887741', '西安市雁塔区', 92, 14, 34, '劳动合同', '初中', '无', '华胥中学', '2018-01-01', '在职', '00000019', 1, NULL, NULL, '2018-01-01', '2019-01-01', NULL);
INSERT INTO `employee` VALUES (1852, '张洁2', '女', '1990-10-09', '420177199010093652', '未婚', 1, '海南', 5, 'zhangjie@qq.com', '13695557742', '海口市美兰区', 92, 16, 34, '劳动合同', '高中', '无', '海南侨中', '2018-01-01', '在职', '00000020', 1, NULL, NULL, '2018-01-01', '2019-01-01', NULL);
INSERT INTO `employee` VALUES (1854, '陈静3', '女', '1989-02-01', '421288198902011234', '已婚', 1, '福建', 1, 'chenjing@qq.com', '18795556693', '海南省海口市美兰区', 82, 12, 30, '劳动合同', '高中', '市场营销', '武汉大学', '2015-06-09', '在职', '00000022', 3, NULL, NULL, '2015-06-09', '2018-06-08', NULL);
INSERT INTO `employee` VALUES (1855, '鹿存亮3', '男', '1990-01-03', '610122199001031456', '已婚', 1, '陕西', 3, 'zhao@qq.com', '15612347795', '陕西省西安市莲湖区', 92, 12, 34, '劳动合同', '高中', '电子工程', '哈尔滨理工大学', '2018-01-01', '在职', '00000024', 3.5, NULL, NULL, '2018-01-01', '2021-07-14', NULL);
INSERT INTO `employee` VALUES (1856, '姚森3', '男', '1991-02-05', '610122199102058952', '已婚', 1, '河南', 3, 'yaosen@qq.com', '14785559936', '河南洛阳人民大道58号', 92, 15, 34, '劳动合同', '初中', '室内装修设计', '西北大学', '2017-01-02', '在职', '00000025', 7, NULL, NULL, '2017-01-02', '2024-01-17', NULL);
INSERT INTO `employee` VALUES (1857, '云星3', '女', '1993-01-05', '610122199301054789', '已婚', 1, '福建', 1, 'yunxing@qq.com', '15644442252', '陕西西安新城区', 92, 16, 34, '劳务合同', '硕士', '通信工程', '西安电子科技学校', '2018-01-01', '在职', '00000026', 5.25, NULL, NULL, '2018-01-01', '2023-04-13', NULL);
INSERT INTO `employee` VALUES (1858, '贾旭明3', '男', '1993-11-11', '610122199311111234', '已婚', 1, '上海', 4, 'jiaxuming@qq.com', '15644441234', '广东省广州市天河区冼村路', 78, 15, 33, '劳务合同', '初中', '通信工程', '西北大学', '2018-01-01', '在职', '00000027', 5.25, NULL, NULL, '2018-01-01', '2023-04-13', NULL);
INSERT INTO `employee` VALUES (1859, '张黎明3', '男', '1991-02-01', '610144199102014569', '已婚', 1, '广东', 6, 'zhangliming@qq.com', '18979994478', '广东珠海', 91, 15, 33, '劳动合同', '高中', '考古', '清华大学', '2018-01-01', '在职', '00000028', 7, NULL, NULL, '2018-01-01', '2025-01-30', NULL);
INSERT INTO `employee` VALUES (1860, '薛磊3', '男', '1992-07-01', '610144199207017895', '已婚', 1, '湖北', 13, 'xuelei@qq.com', '15648887741', '西安市雁塔区', 92, 14, 34, '劳动合同', '初中', '无', '华胥中学', '2018-01-01', '在职', '00000029', 6, NULL, NULL, '2018-01-01', '2024-01-17', NULL);
INSERT INTO `employee` VALUES (1862, '陈静4', '女', '1989-02-01', '421288198902011234', '已婚', 1, '福建', 1, 'chenjing@qq.com', '18795556693', '海南省海口市美兰区', 82, 12, 30, '劳动合同', '高中', '市场营销', '武汉大学', '2015-06-09', '在职', '00000032', 3, NULL, NULL, '2015-06-09', '2018-06-08', NULL);
INSERT INTO `employee` VALUES (1863, '赵琳浩4', '男', '1993-03-04', '610122199303041456', '未婚', 1, '陕西', 3, 'zhao@qq.com', '15698887795', '陕西省西安市莲湖区', 91, 12, 33, '劳动合同', '博士', '电子工程', '哈尔滨理工大学', '2018-01-01', '在职', '00000033', 3.5, NULL, NULL, '2018-01-01', '2021-07-14', NULL);
INSERT INTO `employee` VALUES (1864, '鹿存亮4', '男', '1990-01-03', '610122199001031456', '已婚', 1, '陕西', 3, 'zhao@qq.com', '15612347795', '陕西省西安市莲湖区', 92, 12, 34, '劳动合同', '高中', '电子工程', '哈尔滨理工大学', '2018-01-01', '在职', '00000034', 3.5, NULL, NULL, '2018-01-01', '2021-07-14', NULL);
INSERT INTO `employee` VALUES (1865, '姚森4', '男', '1991-02-05', '610122199102058952', '已婚', 1, '河南', 3, 'yaosen@qq.com', '14785559936', '河南洛阳人民大道58号', 92, 15, 34, '劳动合同', '初中', '室内装修设计', '西北大学', '2017-01-02', '在职', '00000035', 7, NULL, NULL, '2017-01-02', '2024-01-17', NULL);
INSERT INTO `employee` VALUES (1866, '云星4', '女', '1993-01-05', '610122199301054789', '已婚', 1, '福建', 1, 'yunxing@qq.com', '15644442252', '陕西西安新城区', 92, 16, 34, '劳务合同', '硕士', '通信工程', '西安电子科技学校', '2018-01-01', '在职', '00000036', 5.25, NULL, NULL, '2018-01-01', '2023-04-13', NULL);
INSERT INTO `employee` VALUES (1867, '贾旭明4', '男', '1993-11-11', '610122199311111234', '已婚', 1, '上海', 4, 'jiaxuming@qq.com', '15644441234', '广东省广州市天河区冼村路', 78, 15, 33, '劳务合同', '初中', '通信工程', '西北大学', '2018-01-01', '在职', '00000037', 5.25, NULL, NULL, '2018-01-01', '2023-04-13', NULL);
INSERT INTO `employee` VALUES (1868, '张黎明2', '男', '1991-02-01', '610144199102014569', '已婚', 1, '广东', 6, 'zhangliming@qq.com', '18979994478', '广东珠海', 91, 15, 33, '劳动合同', '高中', '考古', '清华大学', '2018-01-01', '在职', '00000038', 7, NULL, NULL, '2018-01-01', '2025-01-30', NULL);
INSERT INTO `employee` VALUES (1869, '薛磊4', '男', '1992-07-01', '610144199207017895', '已婚', 1, '湖北', 13, 'xuelei@qq.com', '15648887741', '西安市雁塔区', 92, 14, 34, '劳动合同', '初中', '无', '华胥中学', '2018-01-01', '在职', '00000039', 6, NULL, NULL, '2018-01-01', '2024-01-17', NULL);
INSERT INTO `employee` VALUES (1870, '张洁4', '女', '1990-10-09', '420177199010093652', '未婚', 1, '海南', 5, 'zhangjie@qq.com', '13695557742', '海口市美兰区', 92, 16, 34, '劳动合同', '高中', '无', '海南侨中', '2018-01-01', '在职', '00000040', 1, NULL, NULL, '2018-01-01', '2019-01-01', NULL);
INSERT INTO `employee` VALUES (1872, '陈静5', '女', '1989-02-01', '421288198902011234', '已婚', 1, '福建', 1, 'chenjing@qq.com', '18795556693', '海南省海口市美兰区', 82, 12, 30, '劳动合同', '高中', '市场营销', '武汉大学', '2015-06-09', '在职', '00000042', 3, NULL, NULL, '2015-06-09', '2018-06-08', NULL);
INSERT INTO `employee` VALUES (1873, '赵琳浩5', '男', '1993-03-04', '610122199303041456', '未婚', 1, '陕西', 3, 'zhao@qq.com', '15698887795', '陕西省西安市莲湖区', 91, 12, 33, '劳动合同', '博士', '电子工程', '哈尔滨理工大学', '2018-01-01', '在职', '00000043', 3.5, NULL, NULL, '2018-01-01', '2021-07-14', NULL);
INSERT INTO `employee` VALUES (1874, '鹿存亮5', '男', '1990-01-03', '610122199001031456', '已婚', 1, '陕西', 3, 'zhao@qq.com', '15612347795', '陕西省西安市莲湖区', 92, 12, 34, '劳动合同', '高中', '电子工程', '哈尔滨理工大学', '2018-01-01', '在职', '00000044', 3.5, NULL, NULL, '2018-01-01', '2021-07-14', NULL);
INSERT INTO `employee` VALUES (1875, '姚森5', '男', '1991-02-05', '610122199102058952', '已婚', 1, '河南', 3, 'yaosen@qq.com', '14785559936', '河南洛阳人民大道58号', 92, 15, 34, '劳动合同', '初中', '室内装修设计', '西北大学', '2017-01-02', '在职', '00000045', 7, NULL, NULL, '2017-01-02', '2024-01-17', NULL);
INSERT INTO `employee` VALUES (1876, '云星5', '女', '1993-01-05', '610122199301054789', '已婚', 1, '福建', 1, 'yunxing@qq.com', '15644442252', '陕西西安新城区', 92, 16, 34, '劳务合同', '硕士', '通信工程', '西安电子科技学校', '2018-01-01', '在职', '00000046', 5.25, NULL, NULL, '2018-01-01', '2023-04-13', NULL);
INSERT INTO `employee` VALUES (1877, '贾旭明5', '男', '1993-11-11', '610122199311111234', '已婚', 1, '上海', 4, 'jiaxuming@qq.com', '15644441234', '广东省广州市天河区冼村路', 78, 15, 33, '劳务合同', '初中', '通信工程', '西北大学', '2018-01-01', '在职', '00000047', 5.25, NULL, NULL, '2018-01-01', '2023-04-13', NULL);
INSERT INTO `employee` VALUES (1878, '张黎明5', '男', '1991-02-01', '610144199102014569', '已婚', 1, '广东', 6, 'zhangliming@qq.com', '18979994478', '广东珠海', 91, 15, 33, '劳动合同', '高中', '考古', '清华大学', '2018-01-01', '在职', '00000048', 7, NULL, NULL, '2018-01-01', '2025-01-30', NULL);
INSERT INTO `employee` VALUES (1879, '薛磊5', '男', '1992-07-01', '610144199207017895', '已婚', 1, '湖北', 13, 'xuelei@qq.com', '15648887741', '西安市雁塔区', 92, 14, 34, '劳动合同', '初中', '无', '华胥中学', '2018-01-01', '在职', '00000049', 6, NULL, NULL, '2018-01-01', '2024-01-17', NULL);
INSERT INTO `employee` VALUES (1880, '张洁5', '女', '1990-10-09', '420177199010093652', '未婚', 1, '海南', 5, 'zhangjie@qq.com', '13695557742', '海口市美兰区', 92, 16, 34, '劳动合同', '高中', '无', '海南侨中', '2018-01-01', '在职', '00000050', 1, NULL, NULL, '2018-01-01', '2019-01-01', NULL);
INSERT INTO `employee` VALUES (1882, '陈静6', '女', '1989-02-01', '421288198902011234', '已婚', 1, '福建', 1, 'chenjing@qq.com', '18795556693', '海南省海口市美兰区', 82, 12, 30, '劳动合同', '高中', '市场营销', '武汉大学', '2015-06-09', '在职', '00000052', 3, NULL, NULL, '2015-06-09', '2018-06-08', NULL);
INSERT INTO `employee` VALUES (1883, '赵琳浩6', '男', '1993-03-04', '610122199303041456', '未婚', 1, '陕西', 3, 'zhao@qq.com', '15698887795', '陕西省西安市莲湖区', 91, 12, 33, '劳动合同', '博士', '电子工程', '哈尔滨理工大学', '2018-01-01', '在职', '00000053', 3.5, NULL, NULL, '2018-01-01', '2021-07-14', NULL);
INSERT INTO `employee` VALUES (1884, '鹿存亮6', '男', '1990-01-03', '610122199001031456', '已婚', 1, '陕西', 3, 'zhao@qq.com', '15612347795', '陕西省西安市莲湖区', 92, 12, 34, '劳动合同', '高中', '电子工程', '哈尔滨理工大学', '2018-01-01', '在职', '00000054', 3.5, NULL, NULL, '2018-01-01', '2021-07-14', NULL);
INSERT INTO `employee` VALUES (1885, '姚森6', '男', '1991-02-05', '610122199102058952', '已婚', 1, '河南', 3, 'yaosen@qq.com', '14785559936', '河南洛阳人民大道58号', 92, 15, 34, '劳动合同', '初中', '室内装修设计', '西北大学', '2017-01-02', '在职', '00000055', 7, NULL, NULL, '2017-01-02', '2024-01-17', NULL);
INSERT INTO `employee` VALUES (1886, '云星6', '女', '1993-01-05', '610122199301054789', '已婚', 1, '福建', 1, 'yunxing@qq.com', '15644442252', '陕西西安新城区', 92, 16, 34, '劳务合同', '硕士', '通信工程', '西安电子科技学校', '2018-01-01', '在职', '00000056', 5.25, NULL, NULL, '2018-01-01', '2023-04-13', NULL);
INSERT INTO `employee` VALUES (1890, '鹿存亮', '男', '1990-01-03', '610122199001031456', '已婚', 1, '陕西', 3, 'zhao@qq.com', '15612347795', '陕西省西安市莲湖区', 92, 12, 34, '劳动合同', '高中', '电子工程', '哈尔滨理工大学', '2018-01-01', '在职', '00000004', 3.5, NULL, NULL, '2018-01-01', '2021-07-14', NULL);
INSERT INTO `employee` VALUES (1891, '姚森', '男', '1991-02-05', '610122199102058952', '已婚', 1, '河南', 3, 'yaosen@qq.com', '14785559936', '河南洛阳人民大道58号', 92, 15, 34, '劳动合同', '初中', '室内装修设计', '西北大学', '2017-01-02', '在职', '00000005', 7, NULL, NULL, '2017-01-02', '2024-01-17', NULL);
INSERT INTO `employee` VALUES (1892, '贾旭明', '男', '1993-11-11', '610122199311111234', '已婚', 1, '上海', 4, 'jiaxuming@qq.com', '15644441234', '广东省广州市天河区冼村路', 78, 15, 33, '劳务合同', '初中', '通信工程', '西北大学', '2018-01-01', '在职', '00000007', 5.25, NULL, NULL, '2018-01-01', '2023-04-13', NULL);
INSERT INTO `employee` VALUES (1893, '张黎明', '男', '1991-02-01', '610144199102014569', '已婚', 1, '广东', 6, 'zhangliming@qq.com', '18979994478', '广东珠海', 91, 15, 33, '劳动合同', '高中', '考古', '清华大学', '2018-01-01', '在职', '00000008', 7, NULL, NULL, '2018-01-01', '2025-01-30', NULL);
INSERT INTO `employee` VALUES (1894, '薛磊', '男', '1992-07-01', '610144199207017895', '已婚', 1, '湖北', 13, 'xuelei@qq.com', '15648887741', '西安市雁塔区', 92, 14, 34, '劳动合同', '初中', '无', '华胥中学', '2018-01-01', '在职', '00000009', 6, NULL, NULL, '2018-01-01', '2024-01-17', NULL);
INSERT INTO `employee` VALUES (1895, '张洁', '女', '1990-10-09', '420177199010093652', '未婚', 1, '海南', 5, 'zhangjie@qq.com', '13695557742', '海口市美兰区', 92, 16, 34, '劳动合同', '高中', '无', '海南侨中', '2018-01-01', '在职', '00000010', 1, NULL, NULL, '2018-01-01', '2019-01-01', NULL);
INSERT INTO `employee` VALUES (1897, '陈静2', '女', '1989-02-01', '421288198902011234', '已婚', 1, '福建', 1, 'chenjing@qq.com', '18795556693', '海南省海口市美兰区', 82, 12, 30, '劳动合同', '高中', '市场营销', '武汉大学', '2015-06-09', '在职', '00000012', 3, NULL, NULL, '2015-06-09', '2018-06-08', NULL);
INSERT INTO `employee` VALUES (1898, '赵琳浩2', '男', '1993-03-04', '610122199303041456', '未婚', 1, '陕西', 3, 'zhao@qq.com', '15698887795', '陕西省西安市莲湖区', 91, 12, 33, '劳动合同', '博士', '电子工程', '哈尔滨理工大学', '2018-01-01', '在职', '00000013', 3.5, NULL, NULL, '2018-01-01', '2021-07-14', NULL);
INSERT INTO `employee` VALUES (1899, '鹿存亮2', '男', '1990-01-03', '610122199001031456', '已婚', 1, '陕西', 3, 'zhao@qq.com', '15612347795', '陕西省西安市莲湖区', 92, 12, 34, '劳动合同', '高中', '电子工程', '哈尔滨理工大学', '2018-01-01', '在职', '00000014', 3.5, NULL, NULL, '2018-01-01', '2021-07-14', NULL);
INSERT INTO `employee` VALUES (1900, '姚森2', '男', '1991-02-05', '610122199102058952', '已婚', 1, '河南', 3, 'yaosen@qq.com', '14785559936', '河南洛阳人民大道58号', 92, 15, 34, '劳动合同', '初中', '室内装修设计', '西北大学', '2017-01-02', '在职', '00000015', 7, NULL, NULL, '2017-01-02', '2024-01-17', NULL);
INSERT INTO `employee` VALUES (1901, '云星2', '女', '1993-01-05', '610122199301054789', '已婚', 1, '福建', 1, 'yunxing@qq.com', '15644442252', '陕西西安新城区', 92, 16, 34, '劳务合同', '硕士', '通信工程', '西安电子科技学校', '2018-01-01', '在职', '00000016', 5.25, NULL, NULL, '2018-01-01', '2023-04-13', NULL);
INSERT INTO `employee` VALUES (1902, '贾旭明2', '男', '1993-11-11', '610122199311111234', '已婚', 1, '上海', 4, 'jiaxuming@qq.com', '15644441234', '广东省广州市天河区冼村路', 78, 15, 33, '劳务合同', '初中', '通信工程', '西北大学', '2018-01-01', '在职', '00000017', 5.25, NULL, NULL, '2018-01-01', '2023-04-13', NULL);
INSERT INTO `employee` VALUES (1903, '王一亭', '男', '1991-02-01', '610144199102014569', '已婚', 1, '广东', 6, 'zhangliming@qq.com', '18979994478', '广东珠海', 91, 15, 33, '劳动合同', '高中', '考古', '清华大学', '2018-01-01', '在职', '00000018', 7, NULL, NULL, '2018-01-01', '2025-01-30', NULL);
INSERT INTO `employee` VALUES (1904, '薛磊2', '男', '1992-07-01', '610144199207017895', '已婚', 1, '湖北', 13, 'xuelei@qq.com', '15648887741', '西安市雁塔区', 92, 14, 34, '劳动合同', '初中', '无', '华胥中学', '2018-01-01', '在职', '00000019', 1, NULL, NULL, '2018-01-01', '2019-01-01', NULL);
INSERT INTO `employee` VALUES (1905, '张洁2', '女', '1990-10-09', '420177199010093652', '未婚', 1, '海南', 5, 'zhangjie@qq.com', '13695557742', '海口市美兰区', 92, 16, 34, '劳动合同', '高中', '无', '海南侨中', '2018-01-01', '在职', '00000020', 1, NULL, NULL, '2018-01-01', '2019-01-01', NULL);
INSERT INTO `employee` VALUES (1907, '陈静3', '女', '1989-02-01', '421288198902011234', '已婚', 1, '福建', 1, 'chenjing@qq.com', '18795556693', '海南省海口市美兰区', 82, 12, 30, '劳动合同', '高中', '市场营销', '武汉大学', '2015-06-09', '在职', '00000022', 3, NULL, NULL, '2015-06-09', '2018-06-08', NULL);
INSERT INTO `employee` VALUES (1908, '鹿存亮3', '男', '1990-01-03', '610122199001031456', '已婚', 1, '陕西', 3, 'zhao@qq.com', '15612347795', '陕西省西安市莲湖区', 92, 12, 34, '劳动合同', '高中', '电子工程', '哈尔滨理工大学', '2018-01-01', '在职', '00000024', 3.5, NULL, NULL, '2018-01-01', '2021-07-14', NULL);
INSERT INTO `employee` VALUES (1909, '姚森3', '男', '1991-02-05', '610122199102058952', '已婚', 1, '河南', 3, 'yaosen@qq.com', '14785559936', '河南洛阳人民大道58号', 92, 15, 34, '劳动合同', '初中', '室内装修设计', '西北大学', '2017-01-02', '在职', '00000025', 7, NULL, NULL, '2017-01-02', '2024-01-17', NULL);
INSERT INTO `employee` VALUES (1910, '云星3', '女', '1993-01-05', '610122199301054789', '已婚', 1, '福建', 1, 'yunxing@qq.com', '15644442252', '陕西西安新城区', 92, 16, 34, '劳务合同', '硕士', '通信工程', '西安电子科技学校', '2018-01-01', '在职', '00000026', 5.25, NULL, NULL, '2018-01-01', '2023-04-13', NULL);
INSERT INTO `employee` VALUES (1911, '贾旭明3', '男', '1993-11-11', '610122199311111234', '已婚', 1, '上海', 4, 'jiaxuming@qq.com', '15644441234', '广东省广州市天河区冼村路', 78, 15, 33, '劳务合同', '初中', '通信工程', '西北大学', '2018-01-01', '在职', '00000027', 5.25, NULL, NULL, '2018-01-01', '2023-04-13', NULL);
INSERT INTO `employee` VALUES (1912, '张黎明3', '男', '1991-02-01', '610144199102014569', '已婚', 1, '广东', 6, 'zhangliming@qq.com', '18979994478', '广东珠海', 91, 15, 33, '劳动合同', '高中', '考古', '清华大学', '2018-01-01', '在职', '00000028', 7, NULL, NULL, '2018-01-01', '2025-01-30', NULL);
INSERT INTO `employee` VALUES (1913, '薛磊3', '男', '1992-07-01', '610144199207017895', '已婚', 1, '湖北', 13, 'xuelei@qq.com', '15648887741', '西安市雁塔区', 92, 14, 34, '劳动合同', '初中', '无', '华胥中学', '2018-01-01', '在职', '00000029', 6, NULL, NULL, '2018-01-01', '2024-01-17', NULL);
INSERT INTO `employee` VALUES (1915, '陈静4', '女', '1989-02-01', '421288198902011234', '已婚', 1, '福建', 1, 'chenjing@qq.com', '18795556693', '海南省海口市美兰区', 82, 12, 30, '劳动合同', '高中', '市场营销', '武汉大学', '2015-06-09', '在职', '00000032', 3, NULL, NULL, '2015-06-09', '2018-06-08', NULL);
INSERT INTO `employee` VALUES (1916, '赵琳浩4', '男', '1993-03-04', '610122199303041456', '未婚', 1, '陕西', 3, 'zhao@qq.com', '15698887795', '陕西省西安市莲湖区', 91, 12, 33, '劳动合同', '博士', '电子工程', '哈尔滨理工大学', '2018-01-01', '在职', '00000033', 3.5, NULL, NULL, '2018-01-01', '2021-07-14', NULL);
INSERT INTO `employee` VALUES (1917, '鹿存亮4', '男', '1990-01-03', '610122199001031456', '已婚', 1, '陕西', 3, 'zhao@qq.com', '15612347795', '陕西省西安市莲湖区', 92, 12, 34, '劳动合同', '高中', '电子工程', '哈尔滨理工大学', '2018-01-01', '在职', '00000034', 3.5, NULL, NULL, '2018-01-01', '2021-07-14', NULL);
INSERT INTO `employee` VALUES (1918, '姚森4', '男', '1991-02-05', '610122199102058952', '已婚', 1, '河南', 3, 'yaosen@qq.com', '14785559936', '河南洛阳人民大道58号', 92, 15, 34, '劳动合同', '初中', '室内装修设计', '西北大学', '2017-01-02', '在职', '00000035', 7, NULL, NULL, '2017-01-02', '2024-01-17', NULL);
INSERT INTO `employee` VALUES (1919, '云星4', '女', '1993-01-05', '610122199301054789', '已婚', 1, '福建', 1, 'yunxing@qq.com', '15644442252', '陕西西安新城区', 92, 16, 34, '劳务合同', '硕士', '通信工程', '西安电子科技学校', '2018-01-01', '在职', '00000036', 5.25, NULL, NULL, '2018-01-01', '2023-04-13', NULL);
INSERT INTO `employee` VALUES (1920, '贾旭明4', '男', '1993-11-11', '610122199311111234', '已婚', 1, '上海', 4, 'jiaxuming@qq.com', '15644441234', '广东省广州市天河区冼村路', 78, 15, 33, '劳务合同', '初中', '通信工程', '西北大学', '2018-01-01', '在职', '00000037', 5.25, NULL, NULL, '2018-01-01', '2023-04-13', NULL);
INSERT INTO `employee` VALUES (1921, '谢工', '女', '1970-01-01', '618177197001011234', '离异', 1, '福建', 1, '123456789@qq.com', '18558887788', '北京', 91, 12, 29, '劳动合同', '本科', '计算机软件', '南华大学', '2018-01-01', '在职', '00000038', 5, NULL, NULL, '2018-01-01', '2023-01-01', NULL);
INSERT INTO `employee` VALUES (1922, '林昭亮', '男', '1990-01-01', '610122199809091234', '已婚', 1, '广东', 13, '123456789@qq.com', '16767776654', '广东深圳', 91, 15, 33, '劳动合同', '大专', '计算机软件', '广东职业技术学院', '2018-01-01', '在职', '00000039', 5, NULL, NULL, '2018-01-01', '2023-01-01', NULL);
INSERT INTO `employee` VALUES (1923, 'test', '男', '1995-10-01', '610122201801011234', '已婚', 1, '福建', 1, '123456789@qq.com', '111', '1', 89, 9, 29, '劳动合同', '本科', '1', '1', '2018-01-01', '在职', '00000040', 4, NULL, NULL, '2018-01-01', '2022-01-26', NULL);
INSERT INTO `employee` VALUES (1924, 'test', '男', '1995-10-01', '610188199809091234', '已婚', 1, '福建', 1, '123456789@qq.com', '1', '1', 89, 9, 29, '劳动合同', '大专', '1', '1', '2018-01-31', '在职', '00000041', 1, NULL, NULL, '2018-01-31', '2019-01-31', NULL);
INSERT INTO `employee` VALUES (1925, 'test', '男', '1995-10-01', '610122199909090000', '已婚', 1, '福建', 1, '123456789@qq.com', '1', '1', 78, 9, 29, '劳动合同', '大专', '1', '1', '2018-01-31', '在职', '00000042', 1, NULL, NULL, '2018-01-31', '2019-01-31', NULL);
INSERT INTO `employee` VALUES (1926, 'test', '男', '1995-10-01', '610122199909090000', '已婚', 1, '福建', 1, '123456789@qq.com', '1', '1', 81, 9, 29, '劳动合同', '大专', '1', '1', '2018-01-31', '在职', '00000043', 0, NULL, NULL, '2018-01-31', '2018-01-31', NULL);
INSERT INTO `employee` VALUES (1927, 'test', '男', '1995-10-01', '610122199909099999', '已婚', 1, '福建', 1, '123456789@qq.com', '1', '1', 87, 9, 29, '劳动合同', '大专', '1', '1', '2018-01-01', '在职', '00000044', 0, NULL, NULL, '2018-01-01', '2018-01-31', NULL);
INSERT INTO `employee` VALUES (1928, 'test', '男', '1995-10-01', '610122199909099999', '已婚', 1, '福建', 1, '123456789@qq.com', '1', '1', 78, 9, 29, '劳动合同', '大专', '1', '1', '2018-01-01', '在职', '00000045', 0, NULL, NULL, '2018-01-01', '2018-01-31', NULL);
INSERT INTO `employee` VALUES (1929, '林伯渠', '男', '1995-10-01', '610122199909099999', '未婚', 1, '福建', 1, '123456789@qq.com', '1', '1', 8, 9, 29, '劳动合同', '大专', '1', '1', '2018-01-31', '在职', '00000046', 0, NULL, NULL, '2018-01-31', '2018-01-31', NULL);
INSERT INTO `employee` VALUES (1930, 'test', '男', '1995-10-01', '610122199909091234', '已婚', 1, '福建', 1, '123456789@qq.com', '1', '1', 8, 9, 29, '劳动合同', '大专', '1', '1', '2018-01-31', '在职', '00000047', 0, NULL, NULL, '2018-01-31', '2018-01-31', NULL);
INSERT INTO `employee` VALUES (1931, 'test', '男', '1989-12-31', '610122199001011256', '已婚', 1, '陕西', 13, 'laowang@qq.com', '18565558897', '深圳市南山区', 5, 9, 29, '劳务合同', '本科', '信息管理与信息系统', '深圳大学', '2017-12-31', '在职', '00000057', 2, '2018-03-31', NULL, '2017-12-31', '2019-12-31', NULL);
INSERT INTO `employee` VALUES (1932, 'test', '男', '1989-12-31', '610122199001011256', '已婚', 1, '陕西', 13, 'laowang@qq.com', '18565558897', '深圳市南山区', 93, 9, 29, '劳务合同', '本科', '信息管理与信息系统', '深圳大学', '2019-11-05', '在职', '00000058', 2, '2018-03-31', NULL, '2017-12-31', '2019-12-31', NULL);
INSERT INTO `employee` VALUES (1933, 'test', '男', '1989-12-31', '610122199001011256', '已婚', 1, '北京', 13, 'laowang@qq.com', '18565558897', '深圳市南山区', 93, 9, 29, '劳务合同', '本科', '信息管理与信息系统', '深圳大学', '2019-11-05', '在职', '00000059', 2, '2018-03-31', NULL, '2017-12-31', '2019-12-31', NULL);
INSERT INTO `employee` VALUES (1934, 'test', '男', '1989-12-31', '610122199001011256', '已婚', 1, '陕西', 13, 'laowan@123.com', '18565558897', '深圳市南山区', 5, 9, 29, '劳务合同', '本科', '信息管理与信息系统', '深圳大学', '2017-12-31', '在职', '00000060', 2, '2018-03-31', NULL, '2017-12-31', '2019-12-31', NULL);
INSERT INTO `employee` VALUES (1935, 'test', '男', '1989-12-31', '610122199001011256', '已婚', 1, '陕西', 13, 'laowan@123.com', '18565558897', '深圳市南山区', 5, 9, 29, '劳务合同', '本科', '信息管理与信息系统', '深圳大学', '2017-12-31', '在职', '00000060', 2, '2018-03-31', NULL, '2017-12-31', '2019-12-31', NULL);
INSERT INTO `employee` VALUES (1936, 'test', '男', '1989-12-31', '610122199001011256', '已婚', 1, '陕西', 13, 'laowang@qq.com', '18565558897', '深圳市南山区', 91, 9, 29, '劳务合同', '本科', '信息管理与信息系统', '深圳大学', '2017-12-31', '在职', '00000061', 2, '2018-03-31', NULL, '2017-12-31', '2019-12-31', NULL);
INSERT INTO `employee` VALUES (1937, 'test', '男', '1989-12-31', '610122199001011256', '已婚', 1, '陕西', 13, 'laowang@qq.com', '18565558897', '深圳市南山区', 91, 9, 29, '劳务合同', '本科', '信息管理与信息系统', '深圳大学', '2017-12-31', '在职', '00000062', 6.17, '2018-03-31', NULL, '2017-12-31', '2024-02-29', NULL);
INSERT INTO `employee` VALUES (1938, 'test', '男', '1995-10-01', '610122199911111111', '已婚', 1, '广东', 13, '123@qq.com', '12345678901', '广东深圳', 78, 9, 29, '劳动合同', '本科', '信管', '深圳大学', '2019-11-10', '在职', '00000063', 3.25, '2020-02-10', NULL, '2019-11-10', '2023-02-22', NULL);
INSERT INTO `employee` VALUES (1939, 'test', '男', '1995-10-01', '610122199911111111', '已婚', 1, '广东', 13, '123@qq.com', '12345678901', '广东深圳', 78, 9, 29, '劳动合同', '本科', '信管', '深圳大学', '2019-11-10', '在职', '00000063', 3.25, '2020-02-10', NULL, '2019-11-10', '2023-02-22', NULL);
INSERT INTO `employee` VALUES (1940, 'test', '男', '1995-10-01', '610144199905059999', '已婚', 1, '广东', 13, '123456789@qq.com', '18564447789', '广东深圳', 85, 9, 29, '劳动合同', '本科', '信息管理与信息系统', '深圳大学', '2019-11-24', '在职', '00000064', 3, '2020-01-10', NULL, '2019-11-24', '2022-11-27', NULL);
INSERT INTO `employee` VALUES (1941, 'test', '男', '1995-10-01', '610144199905056666', '已婚', 1, '广东', 13, '123456789@qq.com', '18566667777', '广东深圳', 89, 9, 29, '劳动合同', '本科', '计算机科学', '深圳大学', '2019-11-24', '在职', '00000065', 3, '2020-02-23', NULL, '2019-11-24', '2022-11-27', NULL);
INSERT INTO `employee` VALUES (1942, '肖俊贤', '男', '1998-12-13', '350627199812134017', '未婚', 1, '福建', 3, '826076402@qq.com', '17720762891', '福建漳州', 4, 16, 36, '劳动合同', '本科', '计算机科学与技术', '福州大学至诚学院', '2020-07-31', '在职', '00000066', 1.42, '2020-08-31', NULL, '2020-07-31', '2021-12-01', NULL);
INSERT INTO `employee` VALUES (1945, 'test', '男', '1995-10-01', '350627199911231046', '已婚', 1, '福州', 13, '826076402@qq.com', '17720762891', 'fuzhou', 4, 9, 29, '劳动合同', '博士', '软件工程', '福大', '2020-12-28', '在职', '00000067', 1, '2020-12-28', NULL, '2020-12-28', '2021-12-27', NULL);

-- ----------------------------
-- Table structure for employee_attendance
-- ----------------------------
DROP TABLE IF EXISTS `employee_attendance`;
CREATE TABLE `employee_attendance`  (
  `id` int(0) NOT NULL AUTO_INCREMENT,
  `eid` int(0) NULL DEFAULT NULL COMMENT '员工id',
  `date` date NULL DEFAULT NULL COMMENT '日期',
  `weekOfDay` varchar(20) CHARACTER SET utf8 COLLATE utf8_general_ci NULL DEFAULT NULL COMMENT '星期几',
  `morning` varchar(20) CHARACTER SET utf8 COLLATE utf8_general_ci NULL DEFAULT NULL COMMENT '上午打卡时间',
  `morningStatus` int(0) NULL DEFAULT 0 COMMENT '上午考勤状态 0正常 1迟到 2早退 3请假 4出差 5旷工',
  `afternoon` varchar(20) CHARACTER SET utf8 COLLATE utf8_general_ci NULL DEFAULT NULL COMMENT '下午打卡时间',
  `afternoonStatus` int(0) NULL DEFAULT NULL COMMENT '下午考勤状态 0正常 1迟到 2早退 3请假 4出差 5旷工',
  `remark` varchar(255) CHARACTER SET utf8 COLLATE utf8_general_ci NULL DEFAULT NULL COMMENT '备注',
  PRIMARY KEY (`id`) USING BTREE
) ENGINE = InnoDB AUTO_INCREMENT = 8 CHARACTER SET = utf8 COLLATE = utf8_general_ci COMMENT = '员工考勤表' ROW_FORMAT = Dynamic;

-- ----------------------------
-- Records of employee_attendance
-- ----------------------------
INSERT INTO `employee_attendance` VALUES (1, 2, '2021-01-12', '星期二', '2021-01-12 07:58:25', 0, '2021-01-12 18:01:41', 0, '');
INSERT INTO `employee_attendance` VALUES (2, 11, '2021-01-11', '星期一', '2021-01-11 07:58:25', 0, '2021-01-11 18:01:41', 0, NULL);
INSERT INTO `employee_attendance` VALUES (3, 18, '2021-01-05', '星期二', '2021-01-05 07:58:25', 0, '2021-01-05 18:01:41', 0, NULL);
INSERT INTO `employee_attendance` VALUES (4, 2, '2021-01-11', '星期一', '2021-01-12 08:30:25', 1, '2021-01-11 18:01:41', 0, NULL);
INSERT INTO `employee_attendance` VALUES (5, 2, '2021-01-09', '星期五', '2021-01-09 07:58:25', 0, '2021-01-09 17:21:41', 2, '');
INSERT INTO `employee_attendance` VALUES (6, 2, '2021-01-13', '星期三', '2021-01-13 07:58:25', 0, '2021-01-13 18:21:41', 0, NULL);
INSERT INTO `employee_attendance` VALUES (7, 2, '2021-01-14', '星期四', '2021-01-14 07:58:25', 0, '2021-01-14 17:21:41', 2, NULL);
INSERT INTO `employee_attendance` VALUES (8, 2, '2021-01-15', '星期五', '2021-01-15 07:58:25', 0, '2021-01-15 17:21:41', 2, NULL);

-- ----------------------------
-- Table structure for employee_ec
-- ----------------------------
DROP TABLE IF EXISTS `employee_ec`;
CREATE TABLE `employee_ec`  (
  `id` int(0) NOT NULL AUTO_INCREMENT,
  `eid` int(0) NULL DEFAULT NULL COMMENT '员工编号',
  `ecid` int(0) NOT NULL COMMENT '奖惩规则id',
  `beforePoint` int(0) NULL DEFAULT NULL COMMENT '奖惩之前积分',
  `afterPoint` int(0) NULL DEFAULT NULL COMMENT '奖惩之后积分',
  `ecDate` date NULL DEFAULT NULL COMMENT '奖罚日期',
  `remark` varchar(255) CHARACTER SET utf8 COLLATE utf8_general_ci NULL DEFAULT NULL COMMENT '备注',
  PRIMARY KEY (`id`) USING BTREE,
  INDEX `pid`(`eid`) USING BTREE,
  CONSTRAINT `employee_ec_ibfk_1` FOREIGN KEY (`eid`) REFERENCES `employee` (`id`) ON DELETE RESTRICT ON UPDATE RESTRICT
) ENGINE = InnoDB AUTO_INCREMENT = 8 CHARACTER SET = utf8 COLLATE = utf8_general_ci COMMENT = '员工奖惩表' ROW_FORMAT = Dynamic;

-- ----------------------------
-- Records of employee_ec
-- ----------------------------
INSERT INTO `employee_ec` VALUES (1, 2, 1, 50, 100, '2021-01-15', '');
INSERT INTO `employee_ec` VALUES (2, 18, 5, 50, 40, '2021-01-14', NULL);
INSERT INTO `employee_ec` VALUES (3, 5, 8, 50, 150, '2021-01-01', NULL);
INSERT INTO `employee_ec` VALUES (4, 2, 3, 100, 200, '2021-01-15', NULL);
INSERT INTO `employee_ec` VALUES (7, 2, 5, 200, 190, '2021-01-18', '');
INSERT INTO `employee_ec` VALUES (8, 2, 5, 190, 180, '2021-01-18', '第二次迟到');

-- ----------------------------
-- Table structure for employee_evaluation
-- ----------------------------
DROP TABLE IF EXISTS `employee_evaluation`;
CREATE TABLE `employee_evaluation`  (
  `id` int(0) NOT NULL AUTO_INCREMENT,
  `eid` int(0) NULL DEFAULT NULL COMMENT '员工id',
  `date` date NULL DEFAULT NULL COMMENT '考评日期',
  `content` varchar(255) CHARACTER SET utf8 COLLATE utf8_general_ci NULL DEFAULT NULL COMMENT '考评内容',
  `result` int(0) NULL DEFAULT NULL COMMENT '考评结果 0未通过  1通过',
  `remark` varchar(255) CHARACTER SET utf8 COLLATE utf8_general_ci NULL DEFAULT NULL COMMENT '备注',
  PRIMARY KEY (`id`) USING BTREE,
  INDEX `pid`(`eid`) USING BTREE,
  CONSTRAINT `employee_evaluation_ibfk_1` FOREIGN KEY (`eid`) REFERENCES `employee` (`id`) ON DELETE RESTRICT ON UPDATE RESTRICT
) ENGINE = InnoDB AUTO_INCREMENT = 4 CHARACTER SET = utf8 COLLATE = utf8_general_ci COMMENT = '员工考评表' ROW_FORMAT = Dynamic;

-- ----------------------------
-- Records of employee_evaluation
-- ----------------------------
INSERT INTO `employee_evaluation` VALUES (1, 2, '2021-02-01', '绩效考评', 1, '备注');
INSERT INTO `employee_evaluation` VALUES (2, 8, '2021-01-31', '考评内容Test2', 0, 'remark');
INSERT INTO `employee_evaluation` VALUES (3, 4, '2021-01-26', 'Test3', 1, '');
INSERT INTO `employee_evaluation` VALUES (4, 5, '2021-01-15', 'Test2', 0, 'test');

-- ----------------------------
-- Table structure for employee_leave
-- ----------------------------
DROP TABLE IF EXISTS `employee_leave`;
CREATE TABLE `employee_leave`  (
  `id` int(0) NOT NULL AUTO_INCREMENT,
  `eid` int(0) NULL DEFAULT NULL COMMENT '员工id',
  `leaveReason` varchar(255) CHARACTER SET utf8 COLLATE utf8_general_ci NULL DEFAULT NULL COMMENT '请假原因',
  `beginTime` datetime(0) NULL DEFAULT NULL COMMENT '请假开始时间',
  `endTime` datetime(0) NULL DEFAULT NULL COMMENT '请假结束时间',
  `leaveHours` int(0) NULL DEFAULT NULL COMMENT '请假小时数',
  `remark` varchar(255) CHARACTER SET utf8 COLLATE utf8_general_ci NULL DEFAULT NULL COMMENT '备注',
  PRIMARY KEY (`id`) USING BTREE
) ENGINE = InnoDB CHARACTER SET = utf8 COLLATE = utf8_general_ci COMMENT = '员工请假表' ROW_FORMAT = Dynamic;

-- ----------------------------
-- Records of employee_leave
-- ----------------------------

-- ----------------------------
-- Table structure for employee_point
-- ----------------------------
DROP TABLE IF EXISTS `employee_point`;
CREATE TABLE `employee_point`  (
  `id` int(0) NOT NULL AUTO_INCREMENT,
  `eid` int(0) NULL DEFAULT NULL COMMENT '员工id',
  `point` varchar(50) CHARACTER SET utf8 COLLATE utf8_general_ci NULL DEFAULT '0' COMMENT '当前积分',
  PRIMARY KEY (`id`) USING BTREE,
  UNIQUE INDEX `eid_uniq`(`eid`) USING BTREE
) ENGINE = InnoDB AUTO_INCREMENT = 538 CHARACTER SET = utf8 COLLATE = utf8_general_ci COMMENT = '员工积分表' ROW_FORMAT = Dynamic;

-- ----------------------------
-- Records of employee_point
-- ----------------------------
INSERT INTO `employee_point` VALUES (1, 1, '-50');
INSERT INTO `employee_point` VALUES (2, 2, '190');
INSERT INTO `employee_point` VALUES (3, 3, '210');
INSERT INTO `employee_point` VALUES (4, 4, '-100');
INSERT INTO `employee_point` VALUES (5, 5, '60');
INSERT INTO `employee_point` VALUES (6, 6, '460');
INSERT INTO `employee_point` VALUES (7, 7, '-50');
INSERT INTO `employee_point` VALUES (8, 8, '50');
INSERT INTO `employee_point` VALUES (9, 9, '240');
INSERT INTO `employee_point` VALUES (10, 10, '240');
INSERT INTO `employee_point` VALUES (11, 11, '430');
INSERT INTO `employee_point` VALUES (12, 13, '290');
INSERT INTO `employee_point` VALUES (13, 14, '340');
INSERT INTO `employee_point` VALUES (14, 15, '460');
INSERT INTO `employee_point` VALUES (15, 16, '160');
INSERT INTO `employee_point` VALUES (16, 17, '460');
INSERT INTO `employee_point` VALUES (17, 18, '260');
INSERT INTO `employee_point` VALUES (18, 19, '60');
INSERT INTO `employee_point` VALUES (19, 20, '270');
INSERT INTO `employee_point` VALUES (20, 22, '80');
INSERT INTO `employee_point` VALUES (21, 24, '330');
INSERT INTO `employee_point` VALUES (22, 25, '250');
INSERT INTO `employee_point` VALUES (23, 26, '270');
INSERT INTO `employee_point` VALUES (24, 27, '160');
INSERT INTO `employee_point` VALUES (25, 28, '170');
INSERT INTO `employee_point` VALUES (26, 29, '300');
INSERT INTO `employee_point` VALUES (27, 31, '320');
INSERT INTO `employee_point` VALUES (28, 32, '440');
INSERT INTO `employee_point` VALUES (29, 33, '170');
INSERT INTO `employee_point` VALUES (30, 34, '460');
INSERT INTO `employee_point` VALUES (31, 35, '220');
INSERT INTO `employee_point` VALUES (32, 36, '50');
INSERT INTO `employee_point` VALUES (33, 37, '330');
INSERT INTO `employee_point` VALUES (34, 38, '300');
INSERT INTO `employee_point` VALUES (35, 39, '320');
INSERT INTO `employee_point` VALUES (36, 40, '230');
INSERT INTO `employee_point` VALUES (37, 41, '160');
INSERT INTO `employee_point` VALUES (38, 42, '250');
INSERT INTO `employee_point` VALUES (39, 43, '90');
INSERT INTO `employee_point` VALUES (40, 44, '340');
INSERT INTO `employee_point` VALUES (41, 45, '480');
INSERT INTO `employee_point` VALUES (42, 46, '90');
INSERT INTO `employee_point` VALUES (43, 47, '480');
INSERT INTO `employee_point` VALUES (44, 48, '170');
INSERT INTO `employee_point` VALUES (45, 49, '360');
INSERT INTO `employee_point` VALUES (46, 50, '250');
INSERT INTO `employee_point` VALUES (47, 51, '130');
INSERT INTO `employee_point` VALUES (48, 52, '320');
INSERT INTO `employee_point` VALUES (49, 53, '370');
INSERT INTO `employee_point` VALUES (50, 54, '280');
INSERT INTO `employee_point` VALUES (51, 55, '460');
INSERT INTO `employee_point` VALUES (52, 56, '280');
INSERT INTO `employee_point` VALUES (53, 1351, '60');
INSERT INTO `employee_point` VALUES (54, 1354, '110');
INSERT INTO `employee_point` VALUES (55, 1355, '290');
INSERT INTO `employee_point` VALUES (56, 1357, '300');
INSERT INTO `employee_point` VALUES (57, 1358, '460');
INSERT INTO `employee_point` VALUES (58, 1359, '160');
INSERT INTO `employee_point` VALUES (59, 1360, '230');
INSERT INTO `employee_point` VALUES (60, 1361, '470');
INSERT INTO `employee_point` VALUES (61, 1362, '250');
INSERT INTO `employee_point` VALUES (62, 1363, '300');
INSERT INTO `employee_point` VALUES (63, 1364, '400');
INSERT INTO `employee_point` VALUES (64, 1365, '460');
INSERT INTO `employee_point` VALUES (65, 1366, '260');
INSERT INTO `employee_point` VALUES (66, 1367, '50');
INSERT INTO `employee_point` VALUES (67, 1368, '380');
INSERT INTO `employee_point` VALUES (68, 1369, '270');
INSERT INTO `employee_point` VALUES (69, 1370, '360');
INSERT INTO `employee_point` VALUES (70, 1372, '60');
INSERT INTO `employee_point` VALUES (71, 1373, '310');
INSERT INTO `employee_point` VALUES (72, 1374, '370');
INSERT INTO `employee_point` VALUES (73, 1375, '370');
INSERT INTO `employee_point` VALUES (74, 1376, '200');
INSERT INTO `employee_point` VALUES (75, 1377, '310');
INSERT INTO `employee_point` VALUES (76, 1378, '210');
INSERT INTO `employee_point` VALUES (77, 1380, '70');
INSERT INTO `employee_point` VALUES (78, 1381, '150');
INSERT INTO `employee_point` VALUES (79, 1382, '10');
INSERT INTO `employee_point` VALUES (80, 1383, '350');
INSERT INTO `employee_point` VALUES (81, 1384, '250');
INSERT INTO `employee_point` VALUES (82, 1385, '90');
INSERT INTO `employee_point` VALUES (83, 1411, '490');
INSERT INTO `employee_point` VALUES (84, 1412, '330');
INSERT INTO `employee_point` VALUES (85, 1417, '370');
INSERT INTO `employee_point` VALUES (86, 1419, '190');
INSERT INTO `employee_point` VALUES (87, 1420, '120');
INSERT INTO `employee_point` VALUES (88, 1424, '320');
INSERT INTO `employee_point` VALUES (89, 1425, '290');
INSERT INTO `employee_point` VALUES (90, 1426, '80');
INSERT INTO `employee_point` VALUES (91, 1427, '190');
INSERT INTO `employee_point` VALUES (92, 1428, '480');
INSERT INTO `employee_point` VALUES (93, 1429, '470');
INSERT INTO `employee_point` VALUES (94, 1430, '430');
INSERT INTO `employee_point` VALUES (95, 1432, '120');
INSERT INTO `employee_point` VALUES (96, 1433, '70');
INSERT INTO `employee_point` VALUES (97, 1434, '410');
INSERT INTO `employee_point` VALUES (98, 1435, '10');
INSERT INTO `employee_point` VALUES (99, 1436, '90');
INSERT INTO `employee_point` VALUES (100, 1437, '80');
INSERT INTO `employee_point` VALUES (101, 1438, '120');
INSERT INTO `employee_point` VALUES (102, 1439, '460');
INSERT INTO `employee_point` VALUES (103, 1440, '350');
INSERT INTO `employee_point` VALUES (104, 1442, '390');
INSERT INTO `employee_point` VALUES (105, 1443, '280');
INSERT INTO `employee_point` VALUES (106, 1444, '40');
INSERT INTO `employee_point` VALUES (107, 1445, '220');
INSERT INTO `employee_point` VALUES (108, 1446, '390');
INSERT INTO `employee_point` VALUES (109, 1447, '110');
INSERT INTO `employee_point` VALUES (110, 1448, '220');
INSERT INTO `employee_point` VALUES (111, 1450, '40');
INSERT INTO `employee_point` VALUES (112, 1451, '30');
INSERT INTO `employee_point` VALUES (113, 1452, '350');
INSERT INTO `employee_point` VALUES (114, 1453, '290');
INSERT INTO `employee_point` VALUES (115, 1454, '70');
INSERT INTO `employee_point` VALUES (116, 1455, '310');
INSERT INTO `employee_point` VALUES (117, 1456, '110');
INSERT INTO `employee_point` VALUES (118, 1457, '240');
INSERT INTO `employee_point` VALUES (119, 1458, '30');
INSERT INTO `employee_point` VALUES (120, 1460, '300');
INSERT INTO `employee_point` VALUES (121, 1461, '180');
INSERT INTO `employee_point` VALUES (122, 1462, '200');
INSERT INTO `employee_point` VALUES (123, 1463, '180');
INSERT INTO `employee_point` VALUES (124, 1464, '30');
INSERT INTO `employee_point` VALUES (125, 1465, '310');
INSERT INTO `employee_point` VALUES (126, 1466, '290');
INSERT INTO `employee_point` VALUES (127, 1467, '260');
INSERT INTO `employee_point` VALUES (128, 1468, '230');
INSERT INTO `employee_point` VALUES (129, 1470, '90');
INSERT INTO `employee_point` VALUES (130, 1471, '200');
INSERT INTO `employee_point` VALUES (131, 1472, '60');
INSERT INTO `employee_point` VALUES (132, 1473, '360');
INSERT INTO `employee_point` VALUES (133, 1474, '470');
INSERT INTO `employee_point` VALUES (134, 1478, '120');
INSERT INTO `employee_point` VALUES (135, 1479, '200');
INSERT INTO `employee_point` VALUES (136, 1480, '340');
INSERT INTO `employee_point` VALUES (137, 1481, '230');
INSERT INTO `employee_point` VALUES (138, 1482, '340');
INSERT INTO `employee_point` VALUES (139, 1483, '70');
INSERT INTO `employee_point` VALUES (140, 1485, '140');
INSERT INTO `employee_point` VALUES (141, 1486, '360');
INSERT INTO `employee_point` VALUES (142, 1487, '40');
INSERT INTO `employee_point` VALUES (143, 1488, '340');
INSERT INTO `employee_point` VALUES (144, 1489, '80');
INSERT INTO `employee_point` VALUES (145, 1490, '340');
INSERT INTO `employee_point` VALUES (146, 1491, '370');
INSERT INTO `employee_point` VALUES (147, 1492, '460');
INSERT INTO `employee_point` VALUES (148, 1493, '280');
INSERT INTO `employee_point` VALUES (149, 1495, '170');
INSERT INTO `employee_point` VALUES (150, 1496, '430');
INSERT INTO `employee_point` VALUES (151, 1497, '260');
INSERT INTO `employee_point` VALUES (152, 1498, '390');
INSERT INTO `employee_point` VALUES (153, 1499, '330');
INSERT INTO `employee_point` VALUES (154, 1500, '40');
INSERT INTO `employee_point` VALUES (155, 1501, '90');
INSERT INTO `employee_point` VALUES (156, 1503, '420');
INSERT INTO `employee_point` VALUES (157, 1504, '430');
INSERT INTO `employee_point` VALUES (158, 1505, '180');
INSERT INTO `employee_point` VALUES (159, 1506, '390');
INSERT INTO `employee_point` VALUES (160, 1507, '430');
INSERT INTO `employee_point` VALUES (161, 1508, '230');
INSERT INTO `employee_point` VALUES (162, 1509, '100');
INSERT INTO `employee_point` VALUES (163, 1510, '70');
INSERT INTO `employee_point` VALUES (164, 1511, '330');
INSERT INTO `employee_point` VALUES (165, 1512, '350');
INSERT INTO `employee_point` VALUES (166, 1513, '480');
INSERT INTO `employee_point` VALUES (167, 1514, '150');
INSERT INTO `employee_point` VALUES (168, 1515, '410');
INSERT INTO `employee_point` VALUES (169, 1516, '210');
INSERT INTO `employee_point` VALUES (170, 1517, '270');
INSERT INTO `employee_point` VALUES (171, 1518, '110');
INSERT INTO `employee_point` VALUES (172, 1519, '270');
INSERT INTO `employee_point` VALUES (173, 1520, '90');
INSERT INTO `employee_point` VALUES (174, 1521, '110');
INSERT INTO `employee_point` VALUES (175, 1522, '190');
INSERT INTO `employee_point` VALUES (176, 1523, '450');
INSERT INTO `employee_point` VALUES (177, 1526, '220');
INSERT INTO `employee_point` VALUES (178, 1527, '420');
INSERT INTO `employee_point` VALUES (179, 1528, '210');
INSERT INTO `employee_point` VALUES (180, 1529, '160');
INSERT INTO `employee_point` VALUES (181, 1533, '220');
INSERT INTO `employee_point` VALUES (182, 1534, '420');
INSERT INTO `employee_point` VALUES (183, 1535, '260');
INSERT INTO `employee_point` VALUES (184, 1536, '300');
INSERT INTO `employee_point` VALUES (185, 1537, '420');
INSERT INTO `employee_point` VALUES (186, 1538, '300');
INSERT INTO `employee_point` VALUES (187, 1539, '310');
INSERT INTO `employee_point` VALUES (188, 1541, '110');
INSERT INTO `employee_point` VALUES (189, 1542, '100');
INSERT INTO `employee_point` VALUES (190, 1543, '140');
INSERT INTO `employee_point` VALUES (191, 1544, '220');
INSERT INTO `employee_point` VALUES (192, 1545, '220');
INSERT INTO `employee_point` VALUES (193, 1546, '200');
INSERT INTO `employee_point` VALUES (194, 1547, '210');
INSERT INTO `employee_point` VALUES (195, 1548, '320');
INSERT INTO `employee_point` VALUES (196, 1549, '360');
INSERT INTO `employee_point` VALUES (197, 1551, '440');
INSERT INTO `employee_point` VALUES (198, 1552, '320');
INSERT INTO `employee_point` VALUES (199, 1553, '330');
INSERT INTO `employee_point` VALUES (200, 1554, '480');
INSERT INTO `employee_point` VALUES (201, 1555, '280');
INSERT INTO `employee_point` VALUES (202, 1556, '230');
INSERT INTO `employee_point` VALUES (203, 1557, '260');
INSERT INTO `employee_point` VALUES (204, 1559, '380');
INSERT INTO `employee_point` VALUES (205, 1560, '260');
INSERT INTO `employee_point` VALUES (206, 1561, '330');
INSERT INTO `employee_point` VALUES (207, 1562, '190');
INSERT INTO `employee_point` VALUES (208, 1563, '280');
INSERT INTO `employee_point` VALUES (209, 1564, '400');
INSERT INTO `employee_point` VALUES (210, 1565, '200');
INSERT INTO `employee_point` VALUES (211, 1566, '60');
INSERT INTO `employee_point` VALUES (212, 1567, '450');
INSERT INTO `employee_point` VALUES (213, 1569, '180');
INSERT INTO `employee_point` VALUES (214, 1570, '280');
INSERT INTO `employee_point` VALUES (215, 1571, '20');
INSERT INTO `employee_point` VALUES (216, 1572, '270');
INSERT INTO `employee_point` VALUES (217, 1573, '280');
INSERT INTO `employee_point` VALUES (218, 1574, '70');
INSERT INTO `employee_point` VALUES (219, 1575, '330');
INSERT INTO `employee_point` VALUES (220, 1576, '160');
INSERT INTO `employee_point` VALUES (221, 1577, '470');
INSERT INTO `employee_point` VALUES (222, 1579, '360');
INSERT INTO `employee_point` VALUES (223, 1580, '340');
INSERT INTO `employee_point` VALUES (224, 1581, '150');
INSERT INTO `employee_point` VALUES (225, 1582, '380');
INSERT INTO `employee_point` VALUES (226, 1583, '130');
INSERT INTO `employee_point` VALUES (227, 1587, '430');
INSERT INTO `employee_point` VALUES (228, 1588, '480');
INSERT INTO `employee_point` VALUES (229, 1589, '490');
INSERT INTO `employee_point` VALUES (230, 1590, '100');
INSERT INTO `employee_point` VALUES (231, 1591, '30');
INSERT INTO `employee_point` VALUES (232, 1592, '30');
INSERT INTO `employee_point` VALUES (233, 1594, '470');
INSERT INTO `employee_point` VALUES (234, 1595, '110');
INSERT INTO `employee_point` VALUES (235, 1596, '470');
INSERT INTO `employee_point` VALUES (236, 1597, '370');
INSERT INTO `employee_point` VALUES (237, 1598, '210');
INSERT INTO `employee_point` VALUES (238, 1599, '350');
INSERT INTO `employee_point` VALUES (239, 1600, '60');
INSERT INTO `employee_point` VALUES (240, 1601, '460');
INSERT INTO `employee_point` VALUES (241, 1602, '30');
INSERT INTO `employee_point` VALUES (242, 1604, '90');
INSERT INTO `employee_point` VALUES (243, 1605, '470');
INSERT INTO `employee_point` VALUES (244, 1606, '450');
INSERT INTO `employee_point` VALUES (245, 1607, '180');
INSERT INTO `employee_point` VALUES (246, 1608, '130');
INSERT INTO `employee_point` VALUES (247, 1609, '340');
INSERT INTO `employee_point` VALUES (248, 1610, '60');
INSERT INTO `employee_point` VALUES (249, 1612, '290');
INSERT INTO `employee_point` VALUES (250, 1613, '160');
INSERT INTO `employee_point` VALUES (251, 1614, '160');
INSERT INTO `employee_point` VALUES (252, 1615, '490');
INSERT INTO `employee_point` VALUES (253, 1616, '80');
INSERT INTO `employee_point` VALUES (254, 1617, '300');
INSERT INTO `employee_point` VALUES (255, 1618, '380');
INSERT INTO `employee_point` VALUES (256, 1619, '150');
INSERT INTO `employee_point` VALUES (257, 1620, '450');
INSERT INTO `employee_point` VALUES (258, 1621, '480');
INSERT INTO `employee_point` VALUES (259, 1622, '470');
INSERT INTO `employee_point` VALUES (260, 1623, '120');
INSERT INTO `employee_point` VALUES (261, 1624, '90');
INSERT INTO `employee_point` VALUES (262, 1625, '370');
INSERT INTO `employee_point` VALUES (263, 1626, '460');
INSERT INTO `employee_point` VALUES (264, 1627, '480');
INSERT INTO `employee_point` VALUES (265, 1631, '460');
INSERT INTO `employee_point` VALUES (266, 1632, '320');
INSERT INTO `employee_point` VALUES (267, 1633, '60');
INSERT INTO `employee_point` VALUES (268, 1634, '40');
INSERT INTO `employee_point` VALUES (269, 1635, '450');
INSERT INTO `employee_point` VALUES (270, 1636, '410');
INSERT INTO `employee_point` VALUES (271, 1637, '260');
INSERT INTO `employee_point` VALUES (272, 1639, '420');
INSERT INTO `employee_point` VALUES (273, 1640, '110');
INSERT INTO `employee_point` VALUES (274, 1641, '330');
INSERT INTO `employee_point` VALUES (275, 1642, '290');
INSERT INTO `employee_point` VALUES (276, 1643, '480');
INSERT INTO `employee_point` VALUES (277, 1644, '310');
INSERT INTO `employee_point` VALUES (278, 1645, '480');
INSERT INTO `employee_point` VALUES (279, 1646, '40');
INSERT INTO `employee_point` VALUES (280, 1647, '490');
INSERT INTO `employee_point` VALUES (281, 1649, '490');
INSERT INTO `employee_point` VALUES (282, 1650, '30');
INSERT INTO `employee_point` VALUES (283, 1651, '230');
INSERT INTO `employee_point` VALUES (284, 1652, '240');
INSERT INTO `employee_point` VALUES (285, 1653, '390');
INSERT INTO `employee_point` VALUES (286, 1654, '60');
INSERT INTO `employee_point` VALUES (287, 1655, '260');
INSERT INTO `employee_point` VALUES (288, 1657, '460');
INSERT INTO `employee_point` VALUES (289, 1658, '460');
INSERT INTO `employee_point` VALUES (290, 1659, '460');
INSERT INTO `employee_point` VALUES (291, 1660, '270');
INSERT INTO `employee_point` VALUES (292, 1661, '10');
INSERT INTO `employee_point` VALUES (293, 1662, '470');
INSERT INTO `employee_point` VALUES (294, 1663, '430');
INSERT INTO `employee_point` VALUES (295, 1664, '140');
INSERT INTO `employee_point` VALUES (296, 1665, '420');
INSERT INTO `employee_point` VALUES (297, 1667, '190');
INSERT INTO `employee_point` VALUES (298, 1668, '220');
INSERT INTO `employee_point` VALUES (299, 1669, '160');
INSERT INTO `employee_point` VALUES (300, 1670, '180');
INSERT INTO `employee_point` VALUES (301, 1671, '320');
INSERT INTO `employee_point` VALUES (302, 1672, '240');
INSERT INTO `employee_point` VALUES (303, 1673, '210');
INSERT INTO `employee_point` VALUES (304, 1674, '330');
INSERT INTO `employee_point` VALUES (305, 1675, '10');
INSERT INTO `employee_point` VALUES (306, 1677, '140');
INSERT INTO `employee_point` VALUES (307, 1678, '140');
INSERT INTO `employee_point` VALUES (308, 1679, '170');
INSERT INTO `employee_point` VALUES (309, 1680, '450');
INSERT INTO `employee_point` VALUES (310, 1681, '300');
INSERT INTO `employee_point` VALUES (311, 1685, '380');
INSERT INTO `employee_point` VALUES (312, 1686, '150');
INSERT INTO `employee_point` VALUES (313, 1687, '390');
INSERT INTO `employee_point` VALUES (314, 1688, '150');
INSERT INTO `employee_point` VALUES (315, 1689, '440');
INSERT INTO `employee_point` VALUES (316, 1690, '160');
INSERT INTO `employee_point` VALUES (317, 1692, '480');
INSERT INTO `employee_point` VALUES (318, 1693, '70');
INSERT INTO `employee_point` VALUES (319, 1694, '210');
INSERT INTO `employee_point` VALUES (320, 1695, '100');
INSERT INTO `employee_point` VALUES (321, 1696, '280');
INSERT INTO `employee_point` VALUES (322, 1697, '10');
INSERT INTO `employee_point` VALUES (323, 1698, '110');
INSERT INTO `employee_point` VALUES (324, 1699, '50');
INSERT INTO `employee_point` VALUES (325, 1700, '30');
INSERT INTO `employee_point` VALUES (326, 1702, '70');
INSERT INTO `employee_point` VALUES (327, 1703, '40');
INSERT INTO `employee_point` VALUES (328, 1704, '140');
INSERT INTO `employee_point` VALUES (329, 1705, '200');
INSERT INTO `employee_point` VALUES (330, 1706, '370');
INSERT INTO `employee_point` VALUES (331, 1707, '320');
INSERT INTO `employee_point` VALUES (332, 1708, '330');
INSERT INTO `employee_point` VALUES (333, 1710, '110');
INSERT INTO `employee_point` VALUES (334, 1711, '160');
INSERT INTO `employee_point` VALUES (335, 1712, '380');
INSERT INTO `employee_point` VALUES (336, 1713, '460');
INSERT INTO `employee_point` VALUES (337, 1714, '430');
INSERT INTO `employee_point` VALUES (338, 1715, '270');
INSERT INTO `employee_point` VALUES (339, 1716, '250');
INSERT INTO `employee_point` VALUES (340, 1717, '420');
INSERT INTO `employee_point` VALUES (341, 1718, '400');
INSERT INTO `employee_point` VALUES (342, 1719, '120');
INSERT INTO `employee_point` VALUES (343, 1720, '90');
INSERT INTO `employee_point` VALUES (344, 1721, '370');
INSERT INTO `employee_point` VALUES (345, 1722, '210');
INSERT INTO `employee_point` VALUES (346, 1723, '430');
INSERT INTO `employee_point` VALUES (347, 1724, '200');
INSERT INTO `employee_point` VALUES (348, 1725, '160');
INSERT INTO `employee_point` VALUES (349, 1726, '490');
INSERT INTO `employee_point` VALUES (350, 1727, '110');
INSERT INTO `employee_point` VALUES (351, 1728, '490');
INSERT INTO `employee_point` VALUES (352, 1729, '250');
INSERT INTO `employee_point` VALUES (353, 1730, '430');
INSERT INTO `employee_point` VALUES (354, 1731, '20');
INSERT INTO `employee_point` VALUES (355, 1732, '40');
INSERT INTO `employee_point` VALUES (356, 1733, '170');
INSERT INTO `employee_point` VALUES (357, 1734, '240');
INSERT INTO `employee_point` VALUES (358, 1738, '250');
INSERT INTO `employee_point` VALUES (359, 1739, '410');
INSERT INTO `employee_point` VALUES (360, 1740, '180');
INSERT INTO `employee_point` VALUES (361, 1741, '470');
INSERT INTO `employee_point` VALUES (362, 1742, '470');
INSERT INTO `employee_point` VALUES (363, 1743, '200');
INSERT INTO `employee_point` VALUES (364, 1744, '140');
INSERT INTO `employee_point` VALUES (365, 1746, '60');
INSERT INTO `employee_point` VALUES (366, 1747, '20');
INSERT INTO `employee_point` VALUES (367, 1748, '200');
INSERT INTO `employee_point` VALUES (368, 1749, '100');
INSERT INTO `employee_point` VALUES (369, 1750, '470');
INSERT INTO `employee_point` VALUES (370, 1751, '220');
INSERT INTO `employee_point` VALUES (371, 1752, '290');
INSERT INTO `employee_point` VALUES (372, 1753, '10');
INSERT INTO `employee_point` VALUES (373, 1754, '190');
INSERT INTO `employee_point` VALUES (374, 1756, '450');
INSERT INTO `employee_point` VALUES (375, 1757, '40');
INSERT INTO `employee_point` VALUES (376, 1758, '420');
INSERT INTO `employee_point` VALUES (377, 1759, '20');
INSERT INTO `employee_point` VALUES (378, 1760, '230');
INSERT INTO `employee_point` VALUES (379, 1761, '380');
INSERT INTO `employee_point` VALUES (380, 1762, '280');
INSERT INTO `employee_point` VALUES (381, 1764, '430');
INSERT INTO `employee_point` VALUES (382, 1765, '110');
INSERT INTO `employee_point` VALUES (383, 1766, '440');
INSERT INTO `employee_point` VALUES (384, 1767, '310');
INSERT INTO `employee_point` VALUES (385, 1768, '430');
INSERT INTO `employee_point` VALUES (386, 1769, '140');
INSERT INTO `employee_point` VALUES (387, 1770, '170');
INSERT INTO `employee_point` VALUES (388, 1771, '130');
INSERT INTO `employee_point` VALUES (389, 1772, '370');
INSERT INTO `employee_point` VALUES (390, 1774, '80');
INSERT INTO `employee_point` VALUES (391, 1775, '130');
INSERT INTO `employee_point` VALUES (392, 1776, '410');
INSERT INTO `employee_point` VALUES (393, 1777, '140');
INSERT INTO `employee_point` VALUES (394, 1778, '10');
INSERT INTO `employee_point` VALUES (395, 1779, '350');
INSERT INTO `employee_point` VALUES (396, 1780, '470');
INSERT INTO `employee_point` VALUES (397, 1781, '210');
INSERT INTO `employee_point` VALUES (398, 1782, '250');
INSERT INTO `employee_point` VALUES (399, 1784, '470');
INSERT INTO `employee_point` VALUES (400, 1785, '220');
INSERT INTO `employee_point` VALUES (401, 1786, '10');
INSERT INTO `employee_point` VALUES (402, 1787, '440');
INSERT INTO `employee_point` VALUES (403, 1788, '460');
INSERT INTO `employee_point` VALUES (404, 1792, '340');
INSERT INTO `employee_point` VALUES (405, 1793, '480');
INSERT INTO `employee_point` VALUES (406, 1794, '170');
INSERT INTO `employee_point` VALUES (407, 1795, '90');
INSERT INTO `employee_point` VALUES (408, 1796, '240');
INSERT INTO `employee_point` VALUES (409, 1797, '350');
INSERT INTO `employee_point` VALUES (410, 1799, '130');
INSERT INTO `employee_point` VALUES (411, 1800, '260');
INSERT INTO `employee_point` VALUES (412, 1801, '440');
INSERT INTO `employee_point` VALUES (413, 1802, '440');
INSERT INTO `employee_point` VALUES (414, 1803, '480');
INSERT INTO `employee_point` VALUES (415, 1804, '40');
INSERT INTO `employee_point` VALUES (416, 1805, '360');
INSERT INTO `employee_point` VALUES (417, 1806, '270');
INSERT INTO `employee_point` VALUES (418, 1807, '290');
INSERT INTO `employee_point` VALUES (419, 1809, '80');
INSERT INTO `employee_point` VALUES (420, 1810, '120');
INSERT INTO `employee_point` VALUES (421, 1811, '190');
INSERT INTO `employee_point` VALUES (422, 1812, '110');
INSERT INTO `employee_point` VALUES (423, 1813, '160');
INSERT INTO `employee_point` VALUES (424, 1814, '410');
INSERT INTO `employee_point` VALUES (425, 1815, '280');
INSERT INTO `employee_point` VALUES (426, 1817, '350');
INSERT INTO `employee_point` VALUES (427, 1818, '370');
INSERT INTO `employee_point` VALUES (428, 1819, '220');
INSERT INTO `employee_point` VALUES (429, 1820, '190');
INSERT INTO `employee_point` VALUES (430, 1821, '340');
INSERT INTO `employee_point` VALUES (431, 1822, '200');
INSERT INTO `employee_point` VALUES (432, 1823, '50');
INSERT INTO `employee_point` VALUES (433, 1824, '60');
INSERT INTO `employee_point` VALUES (434, 1825, '120');
INSERT INTO `employee_point` VALUES (435, 1826, '150');
INSERT INTO `employee_point` VALUES (436, 1827, '440');
INSERT INTO `employee_point` VALUES (437, 1828, '140');
INSERT INTO `employee_point` VALUES (438, 1829, '100');
INSERT INTO `employee_point` VALUES (439, 1830, '370');
INSERT INTO `employee_point` VALUES (440, 1831, '370');
INSERT INTO `employee_point` VALUES (441, 1832, '350');
INSERT INTO `employee_point` VALUES (442, 1836, '210');
INSERT INTO `employee_point` VALUES (443, 1837, '420');
INSERT INTO `employee_point` VALUES (444, 1838, '150');
INSERT INTO `employee_point` VALUES (445, 1839, '260');
INSERT INTO `employee_point` VALUES (446, 1840, '100');
INSERT INTO `employee_point` VALUES (447, 1841, '20');
INSERT INTO `employee_point` VALUES (448, 1842, '220');
INSERT INTO `employee_point` VALUES (449, 1844, '170');
INSERT INTO `employee_point` VALUES (450, 1845, '220');
INSERT INTO `employee_point` VALUES (451, 1846, '280');
INSERT INTO `employee_point` VALUES (452, 1847, '270');
INSERT INTO `employee_point` VALUES (453, 1848, '470');
INSERT INTO `employee_point` VALUES (454, 1849, '280');
INSERT INTO `employee_point` VALUES (455, 1850, '450');
INSERT INTO `employee_point` VALUES (456, 1851, '490');
INSERT INTO `employee_point` VALUES (457, 1852, '90');
INSERT INTO `employee_point` VALUES (458, 1854, '150');
INSERT INTO `employee_point` VALUES (459, 1855, '440');
INSERT INTO `employee_point` VALUES (460, 1856, '340');
INSERT INTO `employee_point` VALUES (461, 1857, '30');
INSERT INTO `employee_point` VALUES (462, 1858, '400');
INSERT INTO `employee_point` VALUES (463, 1859, '150');
INSERT INTO `employee_point` VALUES (464, 1860, '470');
INSERT INTO `employee_point` VALUES (465, 1862, '70');
INSERT INTO `employee_point` VALUES (466, 1863, '420');
INSERT INTO `employee_point` VALUES (467, 1864, '80');
INSERT INTO `employee_point` VALUES (468, 1865, '310');
INSERT INTO `employee_point` VALUES (469, 1866, '190');
INSERT INTO `employee_point` VALUES (470, 1867, '280');
INSERT INTO `employee_point` VALUES (471, 1868, '150');
INSERT INTO `employee_point` VALUES (472, 1869, '310');
INSERT INTO `employee_point` VALUES (473, 1870, '470');
INSERT INTO `employee_point` VALUES (474, 1872, '330');
INSERT INTO `employee_point` VALUES (475, 1873, '470');
INSERT INTO `employee_point` VALUES (476, 1874, '240');
INSERT INTO `employee_point` VALUES (477, 1875, '240');
INSERT INTO `employee_point` VALUES (478, 1876, '160');
INSERT INTO `employee_point` VALUES (479, 1877, '350');
INSERT INTO `employee_point` VALUES (480, 1878, '70');
INSERT INTO `employee_point` VALUES (481, 1879, '490');
INSERT INTO `employee_point` VALUES (482, 1880, '470');
INSERT INTO `employee_point` VALUES (483, 1882, '130');
INSERT INTO `employee_point` VALUES (484, 1883, '440');
INSERT INTO `employee_point` VALUES (485, 1884, '70');
INSERT INTO `employee_point` VALUES (486, 1885, '20');
INSERT INTO `employee_point` VALUES (487, 1886, '320');
INSERT INTO `employee_point` VALUES (488, 1890, '50');
INSERT INTO `employee_point` VALUES (489, 1891, '270');
INSERT INTO `employee_point` VALUES (490, 1892, '10');
INSERT INTO `employee_point` VALUES (491, 1893, '270');
INSERT INTO `employee_point` VALUES (492, 1894, '30');
INSERT INTO `employee_point` VALUES (493, 1895, '180');
INSERT INTO `employee_point` VALUES (494, 1897, '210');
INSERT INTO `employee_point` VALUES (495, 1898, '30');
INSERT INTO `employee_point` VALUES (496, 1899, '70');
INSERT INTO `employee_point` VALUES (497, 1900, '150');
INSERT INTO `employee_point` VALUES (498, 1901, '160');
INSERT INTO `employee_point` VALUES (499, 1902, '20');
INSERT INTO `employee_point` VALUES (500, 1903, '260');
INSERT INTO `employee_point` VALUES (501, 1904, '320');
INSERT INTO `employee_point` VALUES (502, 1905, '300');
INSERT INTO `employee_point` VALUES (503, 1907, '110');
INSERT INTO `employee_point` VALUES (504, 1908, '50');
INSERT INTO `employee_point` VALUES (505, 1909, '60');
INSERT INTO `employee_point` VALUES (506, 1910, '310');
INSERT INTO `employee_point` VALUES (507, 1911, '440');
INSERT INTO `employee_point` VALUES (508, 1912, '390');
INSERT INTO `employee_point` VALUES (509, 1913, '100');
INSERT INTO `employee_point` VALUES (510, 1915, '290');
INSERT INTO `employee_point` VALUES (511, 1916, '150');
INSERT INTO `employee_point` VALUES (512, 1917, '20');
INSERT INTO `employee_point` VALUES (513, 1918, '350');
INSERT INTO `employee_point` VALUES (514, 1919, '60');
INSERT INTO `employee_point` VALUES (515, 1920, '360');
INSERT INTO `employee_point` VALUES (516, 1921, '130');
INSERT INTO `employee_point` VALUES (517, 1922, '150');
INSERT INTO `employee_point` VALUES (518, 1923, '350');
INSERT INTO `employee_point` VALUES (519, 1924, '250');
INSERT INTO `employee_point` VALUES (520, 1925, '340');
INSERT INTO `employee_point` VALUES (521, 1926, '390');
INSERT INTO `employee_point` VALUES (522, 1927, '40');
INSERT INTO `employee_point` VALUES (523, 1928, '390');
INSERT INTO `employee_point` VALUES (524, 1929, '300');
INSERT INTO `employee_point` VALUES (525, 1930, '140');
INSERT INTO `employee_point` VALUES (526, 1931, '460');
INSERT INTO `employee_point` VALUES (527, 1932, '470');
INSERT INTO `employee_point` VALUES (528, 1933, '220');
INSERT INTO `employee_point` VALUES (529, 1934, '410');
INSERT INTO `employee_point` VALUES (530, 1935, '460');
INSERT INTO `employee_point` VALUES (531, 1936, '140');
INSERT INTO `employee_point` VALUES (532, 1937, '360');
INSERT INTO `employee_point` VALUES (533, 1938, '20');
INSERT INTO `employee_point` VALUES (534, 1939, '250');
INSERT INTO `employee_point` VALUES (535, 1940, '320');
INSERT INTO `employee_point` VALUES (536, 1941, '170');
INSERT INTO `employee_point` VALUES (537, 1942, '630');
INSERT INTO `employee_point` VALUES (538, 1945, '80');

-- ----------------------------
-- Table structure for employee_remove
-- ----------------------------
DROP TABLE IF EXISTS `employee_remove`;
CREATE TABLE `employee_remove`  (
  `id` int(0) NOT NULL AUTO_INCREMENT,
  `eid` int(0) NULL DEFAULT NULL COMMENT '员工id',
  `beforeDepId` int(0) NULL DEFAULT NULL COMMENT '调动前部门',
  `beforeJobId` int(0) NULL DEFAULT NULL COMMENT '调动前职位',
  `afterDepId` int(0) NULL DEFAULT NULL COMMENT '调动后部门',
  `afterJobId` int(0) NULL DEFAULT NULL COMMENT '调动后职位',
  `removeDate` date NULL DEFAULT NULL COMMENT '调动日期',
  `reason` varchar(255) CHARACTER SET utf8 COLLATE utf8_general_ci NULL DEFAULT NULL COMMENT '调动原因',
  `remark` varchar(255) CHARACTER SET utf8 COLLATE utf8_general_ci NULL DEFAULT NULL COMMENT '备注',
  PRIMARY KEY (`id`) USING BTREE,
  INDEX `pid`(`eid`) USING BTREE,
  CONSTRAINT `employee_remove_ibfk_1` FOREIGN KEY (`eid`) REFERENCES `employee` (`id`) ON DELETE RESTRICT ON UPDATE RESTRICT
) ENGINE = InnoDB AUTO_INCREMENT = 3 CHARACTER SET = utf8 COLLATE = utf8_general_ci COMMENT = '员工调动表' ROW_FORMAT = Dynamic;

-- ----------------------------
-- Records of employee_remove
-- ----------------------------
INSERT INTO `employee_remove` VALUES (1, 1942, 78, 31, 91, 33, '2020-08-01', '这是调动原因', '这是员工调岗表备注');
INSERT INTO `employee_remove` VALUES (2, 2, 91, 29, 78, 31, '2021-02-01', NULL, NULL);
INSERT INTO `employee_remove` VALUES (3, 3, 91, 33, 92, 34, '2021-02-01', 'reason', 'remark');

-- ----------------------------
-- Table structure for employee_salary
-- ----------------------------
DROP TABLE IF EXISTS `employee_salary`;
CREATE TABLE `employee_salary`  (
  `id` int(0) NOT NULL AUTO_INCREMENT,
  `eid` int(0) NULL DEFAULT NULL COMMENT '员工id',
  `sid` int(0) NULL DEFAULT NULL COMMENT '工资账套id',
  PRIMARY KEY (`id`) USING BTREE,
  UNIQUE INDEX `eid`(`eid`) USING BTREE,
  INDEX `empsalary_ibfk_2`(`sid`) USING BTREE,
  CONSTRAINT `employee_salary_ibfk_1` FOREIGN KEY (`eid`) REFERENCES `employee` (`id`) ON DELETE RESTRICT ON UPDATE RESTRICT,
  CONSTRAINT `employee_salary_ibfk_2` FOREIGN KEY (`sid`) REFERENCES `salary` (`id`) ON DELETE RESTRICT ON UPDATE RESTRICT
) ENGINE = InnoDB AUTO_INCREMENT = 50 CHARACTER SET = utf8 COLLATE = utf8_general_ci COMMENT = '员工账套关联表' ROW_FORMAT = Dynamic;

-- ----------------------------
-- Records of employee_salary
-- ----------------------------
INSERT INTO `employee_salary` VALUES (6, 4, 10);
INSERT INTO `employee_salary` VALUES (11, 6, 13);
INSERT INTO `employee_salary` VALUES (12, 7, 13);
INSERT INTO `employee_salary` VALUES (14, 8, 10);
INSERT INTO `employee_salary` VALUES (15, 9, 10);
INSERT INTO `employee_salary` VALUES (20, 10, 13);
INSERT INTO `employee_salary` VALUES (22, 3, 13);
INSERT INTO `employee_salary` VALUES (26, 33, 10);
INSERT INTO `employee_salary` VALUES (28, 34, 9);
INSERT INTO `employee_salary` VALUES (29, 44, 10);
INSERT INTO `employee_salary` VALUES (30, 45, 10);
INSERT INTO `employee_salary` VALUES (31, 43, 10);
INSERT INTO `employee_salary` VALUES (32, 47, 10);
INSERT INTO `employee_salary` VALUES (33, 52, 13);
INSERT INTO `employee_salary` VALUES (34, 53, 10);
INSERT INTO `employee_salary` VALUES (35, 54, 10);
INSERT INTO `employee_salary` VALUES (36, 56, 10);
INSERT INTO `employee_salary` VALUES (41, 11, 9);
INSERT INTO `employee_salary` VALUES (44, 13, 9);
INSERT INTO `employee_salary` VALUES (46, 5, 9);
INSERT INTO `employee_salary` VALUES (50, 2, 9);

-- ----------------------------
-- Table structure for employee_senior
-- ----------------------------
DROP TABLE IF EXISTS `employee_senior`;
CREATE TABLE `employee_senior`  (
  `id` int(0) NOT NULL AUTO_INCREMENT,
  `eid` int(0) NOT NULL COMMENT '员工id',
  `idCardUrl` varchar(255) CHARACTER SET utf8 COLLATE utf8_general_ci NULL DEFAULT NULL COMMENT '身份证图片url',
  `idCardData` varchar(2048) CHARACTER SET utf8 COLLATE utf8_general_ci NULL DEFAULT NULL COMMENT '身份证识别信息',
  `bankCardUrl` varchar(255) CHARACTER SET utf8 COLLATE utf8_general_ci NULL DEFAULT NULL COMMENT '银行卡图片url',
  `bankCardData` varchar(2048) CHARACTER SET utf8 COLLATE utf8_general_ci NULL DEFAULT NULL COMMENT '银行卡识别信息',
  `createTime` datetime(0) NULL DEFAULT NULL COMMENT '创建时间',
  `updateTime` datetime(0) NULL DEFAULT NULL COMMENT '更新时间',
  PRIMARY KEY (`id`) USING BTREE
) ENGINE = InnoDB AUTO_INCREMENT = 2 CHARACTER SET = utf8 COLLATE = utf8_general_ci COMMENT = '员工高级资料' ROW_FORMAT = Dynamic;

-- ----------------------------
-- Records of employee_senior
-- ----------------------------
INSERT INTO `employee_senior` VALUES (1, 2, 'https://826076402.oss-cn-shenzhen.aliyuncs.com/images/idCard/wmy.png', '{\"address\":\"四川省攀枝花市榕树街277号\",\"angle\":0,\"birth\":\"19860109\",\"card_region\":[{\"x\":3,\"y\":6},{\"x\":490,\"y\":8},{\"x\":493,\"y\":311},{\"x\":4,\"y\":321}],\"config_str\":\"{\\\"side\\\":\\\"face\\\"}\",\"face_rect\":{\"angle\":0,\"center\":{\"x\":385,\"y\":142},\"size\":{\"height\":170,\"width\":137}},\"face_rect_vertices\":[{\"x\":453,\"y\":56},{\"x\":454,\"y\":227},{\"x\":317,\"y\":228},{\"x\":315,\"y\":57}],\"is_fake\":false,\"name\":\"王銘宇\",\"nationality\":\"汉\",\"num\":\"510124198809071234\",\"request_id\":\"4E892C95-AC2E-469E-A7D1-FC483BBE8C72\",\"sex\":\"男\",\"success\":true}', 'https://826076402.oss-cn-shenzhen.aliyuncs.com/images/idCard/IMG_6202.JPG', '{\"bank_name\":\"福建海峡银行\",\"card_num\":\"623063030000530675\",\"card_type\":\"\",\"is_fake\":false,\"request_id\":\"20210418194715_cf79d3ae0bf09739222a3177789a7555\",\"success\":true,\"valid_date\":\"12/30\"}', '2021-04-20 21:14:37', '2021-04-20 21:14:37');
INSERT INTO `employee_senior` VALUES (2, 3, 'https://826076402.oss-cn-shenzhen.aliyuncs.com/images/idCard/1.png', '{\"address\":\"四川省成都市万塘路1号黄龙时代广场\",\"angle\":0,\"birth\":\"20200101\",\"card_region\":[{\"x\":12,\"y\":5},{\"x\":323,\"y\":4},{\"x\":325,\"y\":200},{\"x\":12,\"y\":200}],\"config_str\":\"{\\\"side\\\":\\\"face\\\"}\",\"face_rect\":{\"angle\":0,\"center\":{\"x\":254,\"y\":91},\"size\":{\"height\":121,\"width\":100}},\"face_rect_vertices\":[{\"x\":305,\"y\":30},{\"x\":305,\"y\":151},{\"x\":204,\"y\":152},{\"x\":204,\"y\":30}],\"is_fake\":false,\"name\":\"支小宝\",\"nationality\":\"汉\",\"num\":\"123456202001011234\",\"request_id\":\"9313BB4B-9030-42A2-9280-B02F87247CBF\",\"sex\":\"女\",\"success\":true}\r\n', 'https://826076402.oss-cn-shenzhen.aliyuncs.com/images/idCard/IMG_6203.JPG', '{\"bank_name\":\"中国建设银行\",\"card_num\":\"6236681850000742542\",\"card_type\":\"\",\"is_fake\":false,\"request_id\":\"20210418194934_0abf9a884772a4b1f2123e9c64500120\",\"success\":true,\"valid_date\":\"11/24\"}', '2021-04-20 21:14:37', '2021-04-20 21:14:37');

-- ----------------------------
-- Table structure for employee_train
-- ----------------------------
DROP TABLE IF EXISTS `employee_train`;
CREATE TABLE `employee_train`  (
  `id` int(0) NOT NULL AUTO_INCREMENT,
  `eid` int(0) NULL DEFAULT NULL COMMENT '员工编号',
  `trainDate` date NULL DEFAULT NULL COMMENT '培训日期',
  `trainContent` varchar(255) CHARACTER SET utf8 COLLATE utf8_general_ci NULL DEFAULT NULL COMMENT '培训内容',
  `remark` varchar(255) CHARACTER SET utf8 COLLATE utf8_general_ci NULL DEFAULT NULL COMMENT '备注',
  PRIMARY KEY (`id`) USING BTREE,
  INDEX `pid`(`eid`) USING BTREE,
  CONSTRAINT `employee_train_ibfk_1` FOREIGN KEY (`eid`) REFERENCES `employee` (`id`) ON DELETE RESTRICT ON UPDATE RESTRICT
) ENGINE = InnoDB AUTO_INCREMENT = 5 CHARACTER SET = utf8 COLLATE = utf8_general_ci COMMENT = '员工培训表' ROW_FORMAT = Dynamic;

-- ----------------------------
-- Records of employee_train
-- ----------------------------
INSERT INTO `employee_train` VALUES (1, 1942, '2020-08-01', '培训内容为公司内部培训', '这是员工培训表');
INSERT INTO `employee_train` VALUES (3, NULL, NULL, NULL, NULL);
INSERT INTO `employee_train` VALUES (4, 3, '2021-01-28', 'test', '');
INSERT INTO `employee_train` VALUES (5, 1929, '2021-01-21', 'test2', '123456');

-- ----------------------------
-- Table structure for flyway_schema_history
-- ----------------------------
DROP TABLE IF EXISTS `flyway_schema_history`;
CREATE TABLE `flyway_schema_history`  (
  `installed_rank` int(0) NOT NULL,
  `version` varchar(50) CHARACTER SET latin1 COLLATE latin1_swedish_ci NULL DEFAULT NULL,
  `description` varchar(200) CHARACTER SET latin1 COLLATE latin1_swedish_ci NOT NULL,
  `type` varchar(20) CHARACTER SET latin1 COLLATE latin1_swedish_ci NOT NULL,
  `script` varchar(1000) CHARACTER SET latin1 COLLATE latin1_swedish_ci NOT NULL,
  `checksum` int(0) NULL DEFAULT NULL,
  `installed_by` varchar(100) CHARACTER SET latin1 COLLATE latin1_swedish_ci NOT NULL,
  `installed_on` timestamp(0) NOT NULL DEFAULT CURRENT_TIMESTAMP(0),
  `execution_time` int(0) NOT NULL,
  `success` tinyint(1) NOT NULL,
  PRIMARY KEY (`installed_rank`) USING BTREE,
  INDEX `flyway_schema_history_s_idx`(`success`) USING BTREE
) ENGINE = InnoDB CHARACTER SET = latin1 COLLATE = latin1_swedish_ci COMMENT = 'flyway架构历史' ROW_FORMAT = Dynamic;

-- ----------------------------
-- Records of flyway_schema_history
-- ----------------------------
INSERT INTO `flyway_schema_history` VALUES (1, '1', 'vhr', 'SQL', 'V1__vhr.sql', -1039138481, 'root', '2020-07-31 20:46:18', 9036, 1);

-- ----------------------------
-- Table structure for hr
-- ----------------------------
DROP TABLE IF EXISTS `hr`;
CREATE TABLE `hr`  (
  `id` int(0) NOT NULL AUTO_INCREMENT COMMENT 'hrID',
  `name` varchar(32) CHARACTER SET utf8 COLLATE utf8_general_ci NULL DEFAULT NULL COMMENT '姓名',
  `phone` char(11) CHARACTER SET utf8 COLLATE utf8_general_ci NULL DEFAULT NULL COMMENT '手机号码',
  `telephone` varchar(16) CHARACTER SET utf8 COLLATE utf8_general_ci NULL DEFAULT NULL COMMENT '住宅电话',
  `address` varchar(64) CHARACTER SET utf8 COLLATE utf8_general_ci NULL DEFAULT NULL COMMENT '联系地址',
  `enabled` tinyint(1) NULL DEFAULT 1 COMMENT '是否启用 0禁用 1启用',
  `username` varchar(255) CHARACTER SET utf8 COLLATE utf8_general_ci NULL DEFAULT NULL COMMENT '用户名',
  `password` varchar(255) CHARACTER SET utf8 COLLATE utf8_general_ci NULL DEFAULT NULL COMMENT '密码',
  `userface` varchar(255) CHARACTER SET utf8 COLLATE utf8_general_ci NULL DEFAULT NULL COMMENT '用户头像url',
  `remark` varchar(255) CHARACTER SET utf8 COLLATE utf8_general_ci NULL DEFAULT NULL COMMENT '备注',
  PRIMARY KEY (`id`) USING BTREE
) ENGINE = InnoDB AUTO_INCREMENT = 12 CHARACTER SET = utf8 COLLATE = utf8_general_ci COMMENT = 'hr表' ROW_FORMAT = Dynamic;

-- ----------------------------
-- Records of hr
-- ----------------------------
INSERT INTO `hr` VALUES (3, '系统管理员', '17720762891', '012-34567890', '福建福州', 1, 'admin', '$2a$10$ySG2lkvjFHY5O0./CPIE1OI8VJsuKYEzOYzqIa7AJR6sEgSzUFOAm', 'https://ss1.bdstatic.com/70cFvXSh_Q1YnxGkpoWK1HF6hhy/it/u=2258096060,2063261547&fm=26&gp=0.jpg', NULL);
INSERT INTO `hr` VALUES (5, '张三', '17720762892', '029-82123434', '海口美兰', 1, 'zhangsan', '$2a$10$oE39aG10kB/rFu2vQeCJTu/V/v4n6DRR0f8WyXRiAYvBpmadoOBE.', 'https://ss1.bdstatic.com/70cFvXSh_Q1YnxGkpoWK1HF6hhy/it/u=3346545427,2582850700&fm=26&gp=0.jpg', NULL);
INSERT INTO `hr` VALUES (10, '李四', '17720762893', '029-82111555', '四川成都', 1, 'lisi', '$2a$10$oE39aG10kB/rFu2vQeCJTu/V/v4n6DRR0f8WyXRiAYvBpmadoOBE.', 'https://ss1.bdstatic.com/70cFuXSh_Q1YnxGkpoWK1HF6hhy/it/u=3469816754,1255027723&fm=15&gp=0.jpg', NULL);
INSERT INTO `hr` VALUES (11, '王五', '18568123377', '029-82111333', '浙江杭州', 1, 'wangwu', '$2a$10$oE39aG10kB/rFu2vQeCJTu/V/v4n6DRR0f8WyXRiAYvBpmadoOBE.', 'https://ss0.bdstatic.com/70cFuHSh_Q1YnxGkpoWK1HF6hhy/it/u=1210644229,2465094159&fm=26&gp=0.jpg', NULL);
INSERT INTO `hr` VALUES (12, '赵六', '18568128888', '029-82111222', '吉林长春', 1, 'zhaoliu', '$2a$10$oE39aG10kB/rFu2vQeCJTu/V/v4n6DRR0f8WyXRiAYvBpmadoOBE.', 'https://ss0.bdstatic.com/70cFvHSh_Q1YnxGkpoWK1HF6hhy/it/u=4197987931,1987480989&fm=26&gp=0.jpg', NULL);

-- ----------------------------
-- Table structure for hr_role
-- ----------------------------
DROP TABLE IF EXISTS `hr_role`;
CREATE TABLE `hr_role`  (
  `id` int(0) NOT NULL AUTO_INCREMENT,
  `hrid` int(0) NULL DEFAULT NULL COMMENT 'hrid',
  `rid` int(0) NULL DEFAULT NULL COMMENT 'role id',
  PRIMARY KEY (`id`) USING BTREE,
  INDEX `rid`(`rid`) USING BTREE,
  INDEX `hr_role_ibfk_1`(`hrid`) USING BTREE,
  CONSTRAINT `hr_role_ibfk_1` FOREIGN KEY (`hrid`) REFERENCES `hr` (`id`) ON DELETE CASCADE ON UPDATE RESTRICT,
  CONSTRAINT `hr_role_ibfk_2` FOREIGN KEY (`rid`) REFERENCES `role` (`id`) ON DELETE RESTRICT ON UPDATE RESTRICT
) ENGINE = InnoDB AUTO_INCREMENT = 85 CHARACTER SET = utf8 COLLATE = utf8_general_ci COMMENT = 'hr角色关联表' ROW_FORMAT = Dynamic;

-- ----------------------------
-- Records of hr_role
-- ----------------------------
INSERT INTO `hr_role` VALUES (1, 3, 6);
INSERT INTO `hr_role` VALUES (35, 12, 4);
INSERT INTO `hr_role` VALUES (36, 12, 3);
INSERT INTO `hr_role` VALUES (37, 12, 2);
INSERT INTO `hr_role` VALUES (43, 11, 3);
INSERT INTO `hr_role` VALUES (44, 11, 2);
INSERT INTO `hr_role` VALUES (45, 11, 4);
INSERT INTO `hr_role` VALUES (46, 11, 5);
INSERT INTO `hr_role` VALUES (81, 10, 2);
INSERT INTO `hr_role` VALUES (82, 5, 1);
INSERT INTO `hr_role` VALUES (83, 5, 2);
INSERT INTO `hr_role` VALUES (84, 5, 3);
INSERT INTO `hr_role` VALUES (85, 5, 4);

-- ----------------------------
-- Table structure for job_level
-- ----------------------------
DROP TABLE IF EXISTS `job_level`;
CREATE TABLE `job_level`  (
  `id` int(0) NOT NULL AUTO_INCREMENT,
  `name` varchar(32) CHARACTER SET utf8 COLLATE utf8_general_ci NULL DEFAULT NULL COMMENT '职称名称',
  `titleLevel` enum('正高级','副高级','中级','初级','员级') CHARACTER SET utf8 COLLATE utf8_general_ci NULL DEFAULT NULL COMMENT '职称级别',
  `createDate` timestamp(0) NULL DEFAULT CURRENT_TIMESTAMP(0) COMMENT '创建时间',
  `enabled` tinyint(1) NULL DEFAULT 1 COMMENT '是否启用 0禁用 1启用',
  PRIMARY KEY (`id`) USING BTREE
) ENGINE = InnoDB AUTO_INCREMENT = 17 CHARACTER SET = utf8 COLLATE = utf8_general_ci COMMENT = '职称表' ROW_FORMAT = Dynamic;

-- ----------------------------
-- Records of job_level
-- ----------------------------
INSERT INTO `job_level` VALUES (9, '教授', '正高级', '2018-01-11 00:00:00', 1);
INSERT INTO `job_level` VALUES (10, '副教授', '副高级', '2018-01-11 21:19:20', 1);
INSERT INTO `job_level` VALUES (12, '助教', '初级', '2018-01-11 21:35:39', 1);
INSERT INTO `job_level` VALUES (13, '讲师', '中级', '2018-01-11 00:00:00', 0);
INSERT INTO `job_level` VALUES (14, '初级工程师', '初级', '2018-01-14 00:00:00', 1);
INSERT INTO `job_level` VALUES (15, '中级工程师', '中级', '2018-01-14 00:00:00', 1);
INSERT INTO `job_level` VALUES (16, '高级工程师', '副高级', '2018-01-14 16:19:14', 1);
INSERT INTO `job_level` VALUES (17, '骨灰级工程师', '正高级', '2018-01-14 16:19:24', 1);

-- ----------------------------
-- Table structure for mail_send_log
-- ----------------------------
DROP TABLE IF EXISTS `mail_send_log`;
CREATE TABLE `mail_send_log`  (
  `msgId` varchar(255) CHARACTER SET utf8mb4 COLLATE utf8mb4_general_ci NULL DEFAULT NULL COMMENT '消息id',
  `empId` int(0) NULL DEFAULT NULL COMMENT '员工id',
  `status` int(0) NULL DEFAULT 0 COMMENT '0发送中，1发送成功，2发送失败',
  `routeKey` varchar(255) CHARACTER SET utf8mb4 COLLATE utf8mb4_general_ci NULL DEFAULT NULL COMMENT '路由键',
  `exchange` varchar(255) CHARACTER SET utf8mb4 COLLATE utf8mb4_general_ci NULL DEFAULT NULL COMMENT '交换机',
  `count` int(0) NULL DEFAULT 0 COMMENT '重试次数',
  `tryTime` datetime(0) NULL DEFAULT NULL COMMENT '第一次重试时间',
  `createTime` datetime(0) NULL DEFAULT NULL COMMENT '创建时间',
  `updateTime` datetime(0) NULL DEFAULT NULL COMMENT '更新时间'
) ENGINE = InnoDB CHARACTER SET = utf8mb4 COLLATE = utf8mb4_general_ci COMMENT = '邮件消息队列发送表' ROW_FORMAT = Dynamic;

-- ----------------------------
-- Records of mail_send_log
-- ----------------------------
INSERT INTO `mail_send_log` VALUES ('691a19b3-6020-4936-830f-b2a976355f52', 1942, 1, 'javaboy.mail.routing.key', 'javaboy.mail.exchange', 0, '2020-07-31 20:57:50', '2020-07-31 20:56:50', NULL);
INSERT INTO `mail_send_log` VALUES ('ab9dd154-e12f-499a-9a46-86247593c610', 1945, 1, 'smart.mail.routing.key', 'smart.mail.exchange', 2, '2020-12-28 13:59:45', '2020-12-28 13:58:45', '2020-12-28 13:59:50');

-- ----------------------------
-- Table structure for menu
-- ----------------------------
DROP TABLE IF EXISTS `menu`;
CREATE TABLE `menu`  (
  `id` int(0) NOT NULL AUTO_INCREMENT,
  `url` varchar(64) CHARACTER SET utf8 COLLATE utf8_general_ci NULL DEFAULT NULL COMMENT '通配url',
  `path` varchar(64) CHARACTER SET utf8 COLLATE utf8_general_ci NULL DEFAULT NULL COMMENT '访问路径',
  `component` varchar(64) CHARACTER SET utf8 COLLATE utf8_general_ci NULL DEFAULT NULL COMMENT '组件名',
  `name` varchar(64) CHARACTER SET utf8 COLLATE utf8_general_ci NULL DEFAULT NULL COMMENT '显示文本',
  `iconCls` varchar(64) CHARACTER SET utf8 COLLATE utf8_general_ci NULL DEFAULT NULL COMMENT '图标样式',
  `keepAlive` tinyint(1) NULL DEFAULT NULL COMMENT '保持打开状态',
  `requireAuth` tinyint(1) NULL DEFAULT NULL COMMENT '需要认证才可访问 0否 1是',
  `parentId` int(0) NULL DEFAULT NULL COMMENT '父菜单id',
  `enabled` tinyint(1) NULL DEFAULT 1 COMMENT '是否启用 0禁用 1启用',
  PRIMARY KEY (`id`) USING BTREE,
  INDEX `parentId`(`parentId`) USING BTREE,
  CONSTRAINT `menu_ibfk_1` FOREIGN KEY (`parentId`) REFERENCES `menu` (`id`) ON DELETE RESTRICT ON UPDATE RESTRICT
) ENGINE = InnoDB AUTO_INCREMENT = 43 CHARACTER SET = utf8 COLLATE = utf8_general_ci COMMENT = '菜单表' ROW_FORMAT = Dynamic;

-- ----------------------------
-- Records of menu
-- ----------------------------
INSERT INTO `menu` VALUES (1, '/', NULL, NULL, '所有', NULL, NULL, NULL, NULL, 1);
INSERT INTO `menu` VALUES (2, '/', '/home', 'Home', '员工资料', 'fa fa-user-circle-o', NULL, 1, 1, 1);
INSERT INTO `menu` VALUES (3, '/', '/home', 'Home', '人事管理', 'fa fa-address-card-o', NULL, 1, 1, 1);
INSERT INTO `menu` VALUES (4, '/', '/home', 'Home', '薪资管理', 'fa fa-money', NULL, 1, 1, 1);
INSERT INTO `menu` VALUES (5, '/', '/home', 'Home', '统计管理', 'fa fa-bar-chart', NULL, 1, 1, 1);
INSERT INTO `menu` VALUES (6, '/', '/home', 'Home', '系统管理', 'fa fa-windows', NULL, 1, 1, 1);
INSERT INTO `menu` VALUES (7, '/employee/basic/**', '/emp/basic', 'EmpBasic', '基本资料', NULL, NULL, 1, 2, 1);
INSERT INTO `menu` VALUES (8, '/employee/advanced/**', '/emp/adv', 'EmpAdv', '高级资料', NULL, NULL, 1, 2, 1);
INSERT INTO `menu` VALUES (10, '/personnel/ec/**', '/per/ec', 'PerEc', '员工奖惩', NULL, NULL, 1, 3, 1);
INSERT INTO `menu` VALUES (11, '/personnel/train/**', '/per/train', 'PerTrain', '员工培训', NULL, NULL, 1, 3, 1);
INSERT INTO `menu` VALUES (12, '/personnel/salary/**', '/per/salary', 'PerSalary', '员工调薪', NULL, NULL, 1, 3, 1);
INSERT INTO `menu` VALUES (13, '/personnel/remove/**', '/per/mv', 'PerMv', '员工调动', NULL, NULL, 1, 3, 1);
INSERT INTO `menu` VALUES (14, '/salary/sob/**', '/sal/sob', 'SalSob', '工资账套管理', NULL, NULL, 1, 4, 1);
INSERT INTO `menu` VALUES (15, '/salary/sobcfg/**', '/sal/sobcfg', 'SalSobCfg', '员工账套设置', NULL, NULL, 1, 4, 1);
INSERT INTO `menu` VALUES (16, '/salary/table/**', '/sal/table', 'SalTable', '工资表管理', NULL, NULL, 1, 4, 1);
INSERT INTO `menu` VALUES (17, '/salary/month/**', '/sal/month', 'SalMonth', '月末处理', NULL, NULL, 1, 4, 0);
INSERT INTO `menu` VALUES (18, '/salary/search/**', '/sal/search', 'SalSearch', '工资表查询', NULL, NULL, 1, 4, 0);
INSERT INTO `menu` VALUES (19, '/statistics/all/**', '/sta/all', 'StaAll', '综合信息统计', NULL, NULL, 1, 5, 1);
INSERT INTO `menu` VALUES (20, '/statistics/point/**', '/sta/point', 'StaPoint', '员工积分统计', NULL, NULL, 1, 5, 1);
INSERT INTO `menu` VALUES (21, '/statistics/personnel/**', '/sta/pers', 'StaPers', '人事信息统计', NULL, NULL, 1, 5, 0);
INSERT INTO `menu` VALUES (22, '/statistics/recored/**', '/sta/record', 'StaRecord', '人事记录统计', NULL, NULL, 1, 5, 1);
INSERT INTO `menu` VALUES (23, '/system/basic/**', '/sys/basic', 'SysBasic', '基础信息设置', NULL, NULL, 1, 6, 1);
INSERT INTO `menu` VALUES (24, '/system/cfg/**', '/sys/cfg', 'SysCfg', '系统管理', NULL, NULL, 1, 6, 0);
INSERT INTO `menu` VALUES (25, '/system/log/**', '/sys/log', 'SysLog', '操作日志管理', NULL, NULL, 1, 6, 1);
INSERT INTO `menu` VALUES (26, '/system/hr/**', '/sys/hr', 'SysHr', '操作员管理', NULL, NULL, 1, 6, 1);
INSERT INTO `menu` VALUES (27, '/system/data/**', '/sys/data', 'SysData', '备份恢复数据库', NULL, NULL, 1, 6, 0);
INSERT INTO `menu` VALUES (28, '/system/init/**', '/sys/init', 'SysInit', '初始化数据库', NULL, NULL, 1, 6, 0);
INSERT INTO `menu` VALUES (29, '/', '/home', 'Home', '考勤管理', 'fa fa-book', NULL, 1, 1, 1);
INSERT INTO `menu` VALUES (30, '/attendance/empatt/**', '/att/list', 'AttList', '考勤列表', NULL, NULL, 1, 29, 1);
INSERT INTO `menu` VALUES (31, '/attendance/leave/**', '/attendance/leave', 'EmpLeave', '员工请假信息', NULL, NULL, 1, 29, 1);
INSERT INTO `menu` VALUES (32, '/personnel/eval/**', '/personnel/eval', 'PerEval', '员工考评', NULL, NULL, 1, 3, 1);
INSERT INTO `menu` VALUES (35, '/', '/home', 'Home', '企业云盘', 'fa fa-cloud', NULL, 1, 1, 1);
INSERT INTO `menu` VALUES (36, '/cloud/oss/**', '/cloud/oss', 'CloudOss', 'OSS', NULL, NULL, 1, 35, 1);
INSERT INTO `menu` VALUES (37, '/cloud/private/**', '/cloud/private', 'CloudPrivate', 'FastDFS/MinIO', NULL, NULL, 1, 35, 1);
INSERT INTO `menu` VALUES (38, '/attendance/empatt/**', '/att/week', 'AttWeek', '考勤周报表', NULL, NULL, 1, 29, 1);
INSERT INTO `menu` VALUES (39, '/attendance/empatt/**', '/att/month', 'AttMonth', '考勤月报表', NULL, NULL, 1, 29, 1);
INSERT INTO `menu` VALUES (40, '/', '/home', 'Home', '流程管理', 'fa fa-sign-in', NULL, 1, 1, 1);
INSERT INTO `menu` VALUES (41, '/workflow/apply/**', '/workflow/apply', 'WorkFlowApply', '流程申请', NULL, NULL, 1, 40, 1);
INSERT INTO `menu` VALUES (42, '/workflow/my/**', '/workflow/my', 'WorkFlowMy', '我的申请', NULL, NULL, 1, 40, 1);
INSERT INTO `menu` VALUES (43, '/workflow/approve/**', '/workflow/approve', 'WorkFlowApprove', '流程审批', NULL, NULL, 1, 40, 1);

-- ----------------------------
-- Table structure for menu_role
-- ----------------------------
DROP TABLE IF EXISTS `menu_role`;
CREATE TABLE `menu_role`  (
  `id` int(0) NOT NULL AUTO_INCREMENT,
  `mid` int(0) NULL DEFAULT NULL COMMENT '菜单id',
  `rid` int(0) NULL DEFAULT NULL COMMENT '角色id',
  PRIMARY KEY (`id`) USING BTREE,
  INDEX `mid`(`mid`) USING BTREE,
  INDEX `rid`(`rid`) USING BTREE,
  CONSTRAINT `menu_role_ibfk_1` FOREIGN KEY (`mid`) REFERENCES `menu` (`id`) ON DELETE RESTRICT ON UPDATE RESTRICT,
  CONSTRAINT `menu_role_ibfk_2` FOREIGN KEY (`rid`) REFERENCES `role` (`id`) ON DELETE RESTRICT ON UPDATE RESTRICT
) ENGINE = InnoDB AUTO_INCREMENT = 516 CHARACTER SET = utf8 COLLATE = utf8_general_ci COMMENT = '菜单角色关联表' ROW_FORMAT = Dynamic;

-- ----------------------------
-- Records of menu_role
-- ----------------------------
INSERT INTO `menu_role` VALUES (161, 7, 3);
INSERT INTO `menu_role` VALUES (247, 7, 4);
INSERT INTO `menu_role` VALUES (248, 8, 4);
INSERT INTO `menu_role` VALUES (249, 11, 4);
INSERT INTO `menu_role` VALUES (280, 7, 14);
INSERT INTO `menu_role` VALUES (281, 8, 14);
INSERT INTO `menu_role` VALUES (370, 7, 1);
INSERT INTO `menu_role` VALUES (371, 8, 1);
INSERT INTO `menu_role` VALUES (372, 10, 1);
INSERT INTO `menu_role` VALUES (373, 11, 1);
INSERT INTO `menu_role` VALUES (374, 12, 1);
INSERT INTO `menu_role` VALUES (375, 13, 1);
INSERT INTO `menu_role` VALUES (376, 14, 1);
INSERT INTO `menu_role` VALUES (377, 15, 1);
INSERT INTO `menu_role` VALUES (378, 16, 1);
INSERT INTO `menu_role` VALUES (379, 17, 1);
INSERT INTO `menu_role` VALUES (380, 18, 1);
INSERT INTO `menu_role` VALUES (381, 19, 1);
INSERT INTO `menu_role` VALUES (382, 20, 1);
INSERT INTO `menu_role` VALUES (383, 21, 1);
INSERT INTO `menu_role` VALUES (384, 22, 1);
INSERT INTO `menu_role` VALUES (385, 23, 1);
INSERT INTO `menu_role` VALUES (386, 24, 1);
INSERT INTO `menu_role` VALUES (387, 25, 1);
INSERT INTO `menu_role` VALUES (388, 26, 1);
INSERT INTO `menu_role` VALUES (389, 27, 1);
INSERT INTO `menu_role` VALUES (390, 28, 1);
INSERT INTO `menu_role` VALUES (391, 30, 1);
INSERT INTO `menu_role` VALUES (392, 31, 1);
INSERT INTO `menu_role` VALUES (478, 7, 6);
INSERT INTO `menu_role` VALUES (479, 8, 6);
INSERT INTO `menu_role` VALUES (480, 10, 6);
INSERT INTO `menu_role` VALUES (481, 11, 6);
INSERT INTO `menu_role` VALUES (482, 12, 6);
INSERT INTO `menu_role` VALUES (483, 13, 6);
INSERT INTO `menu_role` VALUES (484, 32, 6);
INSERT INTO `menu_role` VALUES (485, 14, 6);
INSERT INTO `menu_role` VALUES (486, 15, 6);
INSERT INTO `menu_role` VALUES (487, 16, 6);
INSERT INTO `menu_role` VALUES (488, 17, 6);
INSERT INTO `menu_role` VALUES (489, 18, 6);
INSERT INTO `menu_role` VALUES (490, 19, 6);
INSERT INTO `menu_role` VALUES (491, 20, 6);
INSERT INTO `menu_role` VALUES (492, 21, 6);
INSERT INTO `menu_role` VALUES (493, 22, 6);
INSERT INTO `menu_role` VALUES (494, 23, 6);
INSERT INTO `menu_role` VALUES (495, 24, 6);
INSERT INTO `menu_role` VALUES (496, 25, 6);
INSERT INTO `menu_role` VALUES (497, 26, 6);
INSERT INTO `menu_role` VALUES (498, 27, 6);
INSERT INTO `menu_role` VALUES (499, 28, 6);
INSERT INTO `menu_role` VALUES (500, 30, 6);
INSERT INTO `menu_role` VALUES (501, 31, 6);
INSERT INTO `menu_role` VALUES (502, 38, 6);
INSERT INTO `menu_role` VALUES (503, 39, 6);
INSERT INTO `menu_role` VALUES (504, 36, 6);
INSERT INTO `menu_role` VALUES (505, 37, 6);
INSERT INTO `menu_role` VALUES (506, 41, 6);
INSERT INTO `menu_role` VALUES (507, 42, 6);
INSERT INTO `menu_role` VALUES (508, 43, 6);
INSERT INTO `menu_role` VALUES (509, 7, 2);
INSERT INTO `menu_role` VALUES (510, 8, 2);
INSERT INTO `menu_role` VALUES (511, 10, 2);
INSERT INTO `menu_role` VALUES (512, 12, 2);
INSERT INTO `menu_role` VALUES (513, 13, 2);
INSERT INTO `menu_role` VALUES (514, 41, 2);
INSERT INTO `menu_role` VALUES (515, 42, 2);
INSERT INTO `menu_role` VALUES (516, 43, 2);

-- ----------------------------
-- Table structure for msg_content
-- ----------------------------
DROP TABLE IF EXISTS `msg_content`;
CREATE TABLE `msg_content`  (
  `id` int(0) NOT NULL AUTO_INCREMENT,
  `title` varchar(64) CHARACTER SET utf8 COLLATE utf8_general_ci NULL DEFAULT NULL COMMENT '通知标题',
  `message` varchar(255) CHARACTER SET utf8 COLLATE utf8_general_ci NULL DEFAULT NULL COMMENT '通知内容',
  `hrid` int(0) NULL DEFAULT NULL COMMENT '通知发起人id',
  `createDate` timestamp(0) NOT NULL DEFAULT CURRENT_TIMESTAMP(0) COMMENT '创建时间',
  PRIMARY KEY (`id`) USING BTREE
) ENGINE = InnoDB AUTO_INCREMENT = 18 CHARACTER SET = utf8 COLLATE = utf8_general_ci COMMENT = '消息通知表' ROW_FORMAT = Dynamic;

-- ----------------------------
-- Records of msg_content
-- ----------------------------
INSERT INTO `msg_content` VALUES (14, '2222222222', '11111111111111111', NULL, '2018-02-02 20:46:19');
INSERT INTO `msg_content` VALUES (15, '22222222', '3333333333333333333333', NULL, '2018-02-02 21:45:57');
INSERT INTO `msg_content` VALUES (16, '通知标题1', '通知内容1', NULL, '2018-02-03 11:41:39');
INSERT INTO `msg_content` VALUES (17, '通知标题2', '通知内容2', NULL, '2018-02-03 11:52:37');
INSERT INTO `msg_content` VALUES (18, '通知标题3', '通知内容3', NULL, '2018-02-03 12:19:41');

-- ----------------------------
-- Table structure for nation
-- ----------------------------
DROP TABLE IF EXISTS `nation`;
CREATE TABLE `nation`  (
  `id` int(0) NOT NULL AUTO_INCREMENT,
  `name` varchar(32) CHARACTER SET utf8 COLLATE utf8_general_ci NULL DEFAULT NULL COMMENT '名族名称',
  PRIMARY KEY (`id`) USING BTREE
) ENGINE = InnoDB AUTO_INCREMENT = 56 CHARACTER SET = utf8 COLLATE = utf8_general_ci COMMENT = '民族表' ROW_FORMAT = Dynamic;

-- ----------------------------
-- Records of nation
-- ----------------------------
INSERT INTO `nation` VALUES (1, '汉族');
INSERT INTO `nation` VALUES (2, '蒙古族');
INSERT INTO `nation` VALUES (3, '回族');
INSERT INTO `nation` VALUES (4, '藏族');
INSERT INTO `nation` VALUES (5, '维吾尔族');
INSERT INTO `nation` VALUES (6, '苗族');
INSERT INTO `nation` VALUES (7, '彝族');
INSERT INTO `nation` VALUES (8, '壮族');
INSERT INTO `nation` VALUES (9, '布依族');
INSERT INTO `nation` VALUES (10, '朝鲜族');
INSERT INTO `nation` VALUES (11, '满族');
INSERT INTO `nation` VALUES (12, '侗族');
INSERT INTO `nation` VALUES (13, '瑶族');
INSERT INTO `nation` VALUES (14, '白族');
INSERT INTO `nation` VALUES (15, '土家族');
INSERT INTO `nation` VALUES (16, '哈尼族');
INSERT INTO `nation` VALUES (17, '哈萨克族');
INSERT INTO `nation` VALUES (18, '傣族');
INSERT INTO `nation` VALUES (19, '黎族');
INSERT INTO `nation` VALUES (20, '傈僳族');
INSERT INTO `nation` VALUES (21, '佤族');
INSERT INTO `nation` VALUES (22, '畲族');
INSERT INTO `nation` VALUES (23, '高山族');
INSERT INTO `nation` VALUES (24, '拉祜族');
INSERT INTO `nation` VALUES (25, '水族');
INSERT INTO `nation` VALUES (26, '东乡族');
INSERT INTO `nation` VALUES (27, '纳西族');
INSERT INTO `nation` VALUES (28, '景颇族');
INSERT INTO `nation` VALUES (29, '柯尔克孜族');
INSERT INTO `nation` VALUES (30, '土族');
INSERT INTO `nation` VALUES (31, '达斡尔族');
INSERT INTO `nation` VALUES (32, '仫佬族');
INSERT INTO `nation` VALUES (33, '羌族');
INSERT INTO `nation` VALUES (34, '布朗族');
INSERT INTO `nation` VALUES (35, '撒拉族');
INSERT INTO `nation` VALUES (36, '毛难族');
INSERT INTO `nation` VALUES (37, '仡佬族');
INSERT INTO `nation` VALUES (38, '锡伯族');
INSERT INTO `nation` VALUES (39, '阿昌族');
INSERT INTO `nation` VALUES (40, '普米族');
INSERT INTO `nation` VALUES (41, '塔吉克族');
INSERT INTO `nation` VALUES (42, '怒族');
INSERT INTO `nation` VALUES (43, '乌孜别克族');
INSERT INTO `nation` VALUES (44, '俄罗斯族');
INSERT INTO `nation` VALUES (45, '鄂温克族');
INSERT INTO `nation` VALUES (46, '崩龙族');
INSERT INTO `nation` VALUES (47, '保安族');
INSERT INTO `nation` VALUES (48, '裕固族');
INSERT INTO `nation` VALUES (49, '京族');
INSERT INTO `nation` VALUES (50, '塔塔尔族');
INSERT INTO `nation` VALUES (51, '独龙族');
INSERT INTO `nation` VALUES (52, '鄂伦春族');
INSERT INTO `nation` VALUES (53, '赫哲族');
INSERT INTO `nation` VALUES (54, '门巴族');
INSERT INTO `nation` VALUES (55, '珞巴族');
INSERT INTO `nation` VALUES (56, '基诺族');

-- ----------------------------
-- Table structure for operation_log
-- ----------------------------
DROP TABLE IF EXISTS `operation_log`;
CREATE TABLE `operation_log`  (
  `id` int(0) NOT NULL AUTO_INCREMENT,
  `addDate` datetime(0) NULL DEFAULT NULL COMMENT '添加日期',
  `operate` varchar(255) CHARACTER SET utf8 COLLATE utf8_general_ci NULL DEFAULT NULL COMMENT '操作内容',
  `type` int(0) NULL DEFAULT NULL COMMENT '操作类型 0增 1删 2改',
  `hrid` int(0) NULL DEFAULT NULL COMMENT '操作员ID',
  PRIMARY KEY (`id`) USING BTREE,
  INDEX `hrid`(`hrid`) USING BTREE,
  CONSTRAINT `operation_log_ibfk_1` FOREIGN KEY (`hrid`) REFERENCES `hr` (`id`) ON DELETE RESTRICT ON UPDATE RESTRICT
) ENGINE = InnoDB AUTO_INCREMENT = 4 CHARACTER SET = utf8 COLLATE = utf8_general_ci COMMENT = '操作日志表' ROW_FORMAT = Dynamic;

-- ----------------------------
-- Records of operation_log
-- ----------------------------
INSERT INTO `operation_log` VALUES (1, '2020-08-01 00:00:00', '添加操作员zenggong', 0, 3);
INSERT INTO `operation_log` VALUES (2, '2021-04-28 00:00:00', '删除了OSS文件：/Memtest_V6.1_XiTongZhiJia.zip', 1, 3);
INSERT INTO `operation_log` VALUES (3, '2021-04-28 00:00:00', '上传了OSS文件：echarts.png', 0, 3);
INSERT INTO `operation_log` VALUES (4, '2021-04-28 23:21:31', '删除了OSS文件：/echarts.png', 1, 3);

-- ----------------------------
-- Table structure for politics_status
-- ----------------------------
DROP TABLE IF EXISTS `politics_status`;
CREATE TABLE `politics_status`  (
  `id` int(0) NOT NULL AUTO_INCREMENT,
  `name` varchar(32) CHARACTER SET utf8 COLLATE utf8_general_ci NULL DEFAULT NULL COMMENT '政治面貌名称',
  PRIMARY KEY (`id`) USING BTREE
) ENGINE = InnoDB AUTO_INCREMENT = 13 CHARACTER SET = utf8 COLLATE = utf8_general_ci COMMENT = '政治面貌表' ROW_FORMAT = Dynamic;

-- ----------------------------
-- Records of politics_status
-- ----------------------------
INSERT INTO `politics_status` VALUES (1, '中共党员');
INSERT INTO `politics_status` VALUES (2, '中共预备党员');
INSERT INTO `politics_status` VALUES (3, '共青团员');
INSERT INTO `politics_status` VALUES (4, '民革党员');
INSERT INTO `politics_status` VALUES (5, '民盟盟员');
INSERT INTO `politics_status` VALUES (6, '民建会员');
INSERT INTO `politics_status` VALUES (7, '民进会员');
INSERT INTO `politics_status` VALUES (8, '农工党党员');
INSERT INTO `politics_status` VALUES (9, '致公党党员');
INSERT INTO `politics_status` VALUES (10, '九三学社社员');
INSERT INTO `politics_status` VALUES (11, '台盟盟员');
INSERT INTO `politics_status` VALUES (12, '无党派民主人士');
INSERT INTO `politics_status` VALUES (13, '普通公民');

-- ----------------------------
-- Table structure for position
-- ----------------------------
DROP TABLE IF EXISTS `position`;
CREATE TABLE `position`  (
  `id` int(0) NOT NULL AUTO_INCREMENT,
  `name` varchar(32) CHARACTER SET utf8 COLLATE utf8_general_ci NULL DEFAULT NULL COMMENT '职位',
  `createDate` timestamp(0) NULL DEFAULT CURRENT_TIMESTAMP(0) COMMENT '创建时间',
  `enabled` tinyint(1) NULL DEFAULT 1 COMMENT '是否启用',
  PRIMARY KEY (`id`) USING BTREE,
  UNIQUE INDEX `name`(`name`) USING BTREE
) ENGINE = InnoDB AUTO_INCREMENT = 36 CHARACTER SET = utf8 COLLATE = utf8_general_ci COMMENT = '职位表' ROW_FORMAT = Dynamic;

-- ----------------------------
-- Records of position
-- ----------------------------
INSERT INTO `position` VALUES (29, '技术总监', '2018-01-11 21:13:42', 1);
INSERT INTO `position` VALUES (30, '运营总监', '2018-01-11 21:13:48', 1);
INSERT INTO `position` VALUES (31, '市场总监', '2018-01-11 00:00:00', 1);
INSERT INTO `position` VALUES (33, '研发工程师', '2018-01-14 00:00:00', 1);
INSERT INTO `position` VALUES (34, '运维工程师', '2018-01-14 16:11:41', 1);
INSERT INTO `position` VALUES (36, 'Java研发经理', '2019-10-01 00:00:00', 1);

-- ----------------------------
-- Table structure for role
-- ----------------------------
DROP TABLE IF EXISTS `role`;
CREATE TABLE `role`  (
  `id` int(0) NOT NULL AUTO_INCREMENT,
  `name` varchar(64) CHARACTER SET utf8 COLLATE utf8_general_ci NULL DEFAULT NULL COMMENT '角色英文名称',
  `nameZh` varchar(64) CHARACTER SET utf8 COLLATE utf8_general_ci NULL DEFAULT NULL COMMENT '角色中文名称',
  PRIMARY KEY (`id`) USING BTREE
) ENGINE = InnoDB AUTO_INCREMENT = 14 CHARACTER SET = utf8 COLLATE = utf8_general_ci COMMENT = '角色表' ROW_FORMAT = Dynamic;

-- ----------------------------
-- Records of role
-- ----------------------------
INSERT INTO `role` VALUES (1, 'ROLE_manager', '部门经理');
INSERT INTO `role` VALUES (2, 'ROLE_personnel', '人事专员');
INSERT INTO `role` VALUES (3, 'ROLE_recruiter', '招聘主管');
INSERT INTO `role` VALUES (4, 'ROLE_train', '培训主管');
INSERT INTO `role` VALUES (5, 'ROLE_performance', '薪酬绩效主管');
INSERT INTO `role` VALUES (6, 'ROLE_admin', '系统管理员');
INSERT INTO `role` VALUES (13, 'ROLE_test', '测试主管');
INSERT INTO `role` VALUES (14, 'ROLE_test1', '测试角色1');

-- ----------------------------
-- Table structure for salary
-- ----------------------------
DROP TABLE IF EXISTS `salary`;
CREATE TABLE `salary`  (
  `id` int(0) NOT NULL AUTO_INCREMENT,
  `name` varchar(32) CHARACTER SET utf8 COLLATE utf8_general_ci NULL DEFAULT NULL COMMENT '账套名称',
  `basicSalary` int(0) NULL DEFAULT NULL COMMENT '基本工资',
  `bonus` int(0) NULL DEFAULT NULL COMMENT '奖金',
  `lunchSalary` int(0) NULL DEFAULT NULL COMMENT '午餐补助',
  `trafficSalary` int(0) NULL DEFAULT NULL COMMENT '交通补助',
  `welfareSalary` int(0) NULL DEFAULT NULL COMMENT '福利 奖金+餐补+交通补',
  `allSalary` int(0) NULL DEFAULT NULL COMMENT '应发工资',
  `pensionBase` int(0) NULL DEFAULT NULL COMMENT '养老保险基数',
  `pensionPer` float NULL DEFAULT NULL COMMENT '养老保险比率',
  `medicalBase` int(0) NULL DEFAULT NULL COMMENT '医疗保险基数',
  `medicalPer` float NULL DEFAULT NULL COMMENT '医疗保险比率',
  `unemployBase` int(0) NULL DEFAULT NULL COMMENT '失业保险基数',
  `unemployBasePer` float NULL DEFAULT NULL COMMENT '失业保险比率',
  `jobInjuryBase` int(0) NULL DEFAULT NULL COMMENT '工伤保险基数',
  `jobInjuryPer` float NULL DEFAULT NULL COMMENT '工伤保险比率',
  `birthBase` int(0) NULL DEFAULT NULL COMMENT '生育保险基数',
  `birthPer` float NULL DEFAULT NULL COMMENT '生育保险比率',
  `accumulationFundBase` int(0) NULL DEFAULT NULL COMMENT '公积金基数',
  `accumulationFundPer` float NULL DEFAULT NULL COMMENT '公积金比率',
  `insureSalary` int(0) NULL DEFAULT NULL COMMENT '五险一金总和',
  `createDate` timestamp(0) NULL DEFAULT NULL COMMENT '启用时间',
  PRIMARY KEY (`id`) USING BTREE
) ENGINE = InnoDB AUTO_INCREMENT = 16 CHARACTER SET = utf8 COLLATE = utf8_general_ci COMMENT = '工资表' ROW_FORMAT = Dynamic;

-- ----------------------------
-- Records of salary
-- ----------------------------
INSERT INTO `salary` VALUES (9, '市场部工资账套', 7000, 800, 100, 200, 1100, 7390, 2000, 0.07, 2200, 0.07, 1300, 0.08, 1300, 0.08, 1100, 0.08, 2000, 0.06, 710, '2018-01-24 00:00:00');
INSERT INTO `salary` VALUES (10, '人事部工资账套', 5000, 700, 100, 200, 1000, 5290, 2000, 0.07, 2200, 0.07, 1300, 0.08, 1300, 0.08, 1100, 0.08, 2000, 0.06, 710, '2018-01-01 00:00:00');
INSERT INTO `salary` VALUES (13, '运维部工资账套', 9000, 600, 100, 200, 900, 9190, 2000, 0.07, 2200, 0.07, 1300, 0.08, 1300, 0.08, 1100, 0.08, 2000, 0.06, 710, '2018-01-25 00:00:00');
INSERT INTO `salary` VALUES (14, '研发部工资账套', 10000, 1200, 100, 200, 1500, 10770, 2000, 0.08, 2200, 0.07, 1300, 0.08, 1300, 0.08, 1100, 0.08, 2000, 0.06, 730, '2020-12-29 14:58:28');

-- ----------------------------
-- Table structure for sysmsg
-- ----------------------------
DROP TABLE IF EXISTS `sysmsg`;
CREATE TABLE `sysmsg`  (
  `id` int(0) NOT NULL AUTO_INCREMENT,
  `mid` int(0) NULL DEFAULT NULL COMMENT '消息id',
  `type` int(0) NULL DEFAULT 0 COMMENT '0表示群发消息',
  `hrid` int(0) NULL DEFAULT NULL COMMENT '这条消息是给谁的',
  `state` int(0) NULL DEFAULT 0 COMMENT '0 未读 1 已读',
  PRIMARY KEY (`id`) USING BTREE,
  INDEX `hrid`(`hrid`) USING BTREE,
  INDEX `sysmsg_ibfk_1`(`mid`) USING BTREE,
  CONSTRAINT `sysmsg_ibfk_1` FOREIGN KEY (`mid`) REFERENCES `msg_content` (`id`) ON DELETE RESTRICT ON UPDATE RESTRICT,
  CONSTRAINT `sysmsg_ibfk_2` FOREIGN KEY (`hrid`) REFERENCES `hr` (`id`) ON DELETE RESTRICT ON UPDATE RESTRICT
) ENGINE = InnoDB AUTO_INCREMENT = 81 CHARACTER SET = utf8 COLLATE = utf8_general_ci COMMENT = '系统消息' ROW_FORMAT = Dynamic;

-- ----------------------------
-- Records of sysmsg
-- ----------------------------
INSERT INTO `sysmsg` VALUES (57, 14, 0, 3, 1);
INSERT INTO `sysmsg` VALUES (58, 14, 0, 5, 1);
INSERT INTO `sysmsg` VALUES (59, 14, 0, 10, 1);
INSERT INTO `sysmsg` VALUES (60, 14, 0, 11, 0);
INSERT INTO `sysmsg` VALUES (61, 14, 0, 12, 0);
INSERT INTO `sysmsg` VALUES (62, 15, 0, 3, 1);
INSERT INTO `sysmsg` VALUES (63, 15, 0, 5, 1);
INSERT INTO `sysmsg` VALUES (64, 15, 0, 10, 1);
INSERT INTO `sysmsg` VALUES (65, 15, 0, 11, 0);
INSERT INTO `sysmsg` VALUES (66, 15, 0, 12, 0);
INSERT INTO `sysmsg` VALUES (67, 16, 0, 3, 1);
INSERT INTO `sysmsg` VALUES (68, 16, 0, 5, 1);
INSERT INTO `sysmsg` VALUES (69, 16, 0, 10, 1);
INSERT INTO `sysmsg` VALUES (70, 16, 0, 11, 0);
INSERT INTO `sysmsg` VALUES (71, 16, 0, 12, 0);
INSERT INTO `sysmsg` VALUES (72, 17, 0, 3, 1);
INSERT INTO `sysmsg` VALUES (73, 17, 0, 5, 1);
INSERT INTO `sysmsg` VALUES (74, 17, 0, 10, 1);
INSERT INTO `sysmsg` VALUES (75, 17, 0, 11, 0);
INSERT INTO `sysmsg` VALUES (76, 17, 0, 12, 0);
INSERT INTO `sysmsg` VALUES (77, 18, 0, 3, 1);
INSERT INTO `sysmsg` VALUES (78, 18, 0, 5, 0);
INSERT INTO `sysmsg` VALUES (79, 18, 0, 10, 0);
INSERT INTO `sysmsg` VALUES (80, 18, 0, 11, 0);
INSERT INTO `sysmsg` VALUES (81, 18, 0, 12, 0);

-- ----------------------------
-- Table structure for wages
-- ----------------------------
DROP TABLE IF EXISTS `wages`;
CREATE TABLE `wages`  (
  `id` bigint(0) NOT NULL AUTO_INCREMENT COMMENT 'id',
  `e_id` bigint(0) NOT NULL COMMENT '员工iD',
  `e_name` varchar(32) CHARACTER SET utf8 COLLATE utf8_general_ci NOT NULL COMMENT '员工名称',
  `salary_id` bigint(0) NOT NULL COMMENT '薪水套账id',
  `salary_name` varchar(32) CHARACTER SET utf8 COLLATE utf8_general_ci NOT NULL COMMENT '薪水套账名称',
  `wc_id` bigint(0) NOT NULL COMMENT '工资系数id',
  `e_wages` decimal(20, 3) NOT NULL COMMENT '员工工资',
  `create_time` datetime(0) NULL DEFAULT NULL COMMENT '创建时间',
  PRIMARY KEY (`id`) USING BTREE
) ENGINE = InnoDB AUTO_INCREMENT = 4 CHARACTER SET = utf8 COLLATE = utf8_general_ci COMMENT = '员工工资表' ROW_FORMAT = Dynamic;

-- ----------------------------
-- Records of wages
-- ----------------------------
INSERT INTO `wages` VALUES (1, 2, '陈静', 9, '市场部工资账套', 12, 1000.000, NULL);
INSERT INTO `wages` VALUES (2, 3, '赵琳浩', 13, '运维部工资账套', 12, 7000.000, '2021-04-30 14:42:04');
INSERT INTO `wages` VALUES (3, 3, '赵琳浩', 13, '运维部工资账套', 12, 7000.000, '2021-04-30 14:45:58');
INSERT INTO `wages` VALUES (4, 3, '赵琳浩', 13, '运维部工资账套', 12, 7000.000, '2021-04-30 14:48:57');

-- ----------------------------
-- Table structure for wages_coefficient
-- ----------------------------
DROP TABLE IF EXISTS `wages_coefficient`;
CREATE TABLE `wages_coefficient`  (
  `id` bigint(0) NOT NULL AUTO_INCREMENT COMMENT 'id',
  `jl_id` bigint(0) NOT NULL COMMENT '职级',
  `coefficient` double(10, 2) NOT NULL COMMENT '工资系数 最低为1.0，最高为2.0',
  PRIMARY KEY (`id`) USING BTREE
) ENGINE = InnoDB AUTO_INCREMENT = 9 CHARACTER SET = utf8 COLLATE = utf8_general_ci COMMENT = '工资系数表' ROW_FORMAT = Dynamic;

-- ----------------------------
-- Records of wages_coefficient
-- ----------------------------
INSERT INTO `wages_coefficient` VALUES (1, 9, 2.00);
INSERT INTO `wages_coefficient` VALUES (2, 10, 1.50);
INSERT INTO `wages_coefficient` VALUES (3, 12, 1.00);
INSERT INTO `wages_coefficient` VALUES (4, 13, 1.30);
INSERT INTO `wages_coefficient` VALUES (5, 14, 1.00);
INSERT INTO `wages_coefficient` VALUES (6, 15, 1.30);
INSERT INTO `wages_coefficient` VALUES (7, 16, 1.50);
INSERT INTO `wages_coefficient` VALUES (8, 17, 2.00);
INSERT INTO `wages_coefficient` VALUES (9, 18, 2.00);

-- ----------------------------
-- Table structure for work_flow
-- ----------------------------
DROP TABLE IF EXISTS `work_flow`;
CREATE TABLE `work_flow`  (
  `id` int(0) NOT NULL AUTO_INCREMENT,
  `eid` int(0) NULL DEFAULT NULL COMMENT '申请人id',
  `workFlowTypeId` bigint(0) NULL DEFAULT NULL COMMENT '申请类型id',
  `hrid` varchar(255) CHARACTER SET utf8 COLLATE utf8_general_ci NULL DEFAULT NULL COMMENT '审核人id',
  `content` varchar(255) CHARACTER SET utf8 COLLATE utf8_general_ci NULL DEFAULT NULL COMMENT '申请内容',
  `selectDateTime` varchar(255) CHARACTER SET utf8 COLLATE utf8_general_ci NULL DEFAULT NULL COMMENT '选择日期时间',
  `url` varchar(255) CHARACTER SET utf8 COLLATE utf8_general_ci NULL DEFAULT NULL COMMENT '附件url',
  `createTime` datetime(0) NULL DEFAULT NULL COMMENT '申请时间',
  PRIMARY KEY (`id`) USING BTREE
) ENGINE = InnoDB AUTO_INCREMENT = 7 CHARACTER SET = utf8 COLLATE = utf8_general_ci COMMENT = '流程申请表' ROW_FORMAT = Dynamic;

-- ----------------------------
-- Records of work_flow
-- ----------------------------
INSERT INTO `work_flow` VALUES (1, 3, 1, '10,11,12', 'contentTest', '2021-02-04', 'http://smartsoftware.top', '2021-02-04 16:38:05');
INSERT INTO `work_flow` VALUES (2, 3, 1, '10,11,12', 'fz', '2021-02-03', 'http://smartsoftware.top', '2021-02-04 16:38:05');
INSERT INTO `work_flow` VALUES (3, 3, 1, '10,11,12', 'content', '2021-01-31', 'http://smartsoftware.top', '2021-02-04 16:38:05');
INSERT INTO `work_flow` VALUES (4, 3, 1, '10,11,12', 'ccc', '2021-02-01', 'http://smartsoftware.top', '2021-02-04 16:38:05');
INSERT INTO `work_flow` VALUES (5, 3, 2, '10,11,12', 'adv', '2021-02-01 09:03:00,2021-03-05 21:09:00', 'http://smartsoftware.top', '2021-02-04 16:38:05');
INSERT INTO `work_flow` VALUES (6, 3, 2, '10,11,12', 'adv', '2021-02-01 09:03:00,2021-03-05 21:09:00', 'http://smartsoftware.top', '2021-02-04 16:38:05');
INSERT INTO `work_flow` VALUES (7, 3, 1, '5,12', 'tt', '2021-02-05', 'http://smartsoftware.top', '2021-02-05 09:49:55');

-- ----------------------------
-- Table structure for work_flow_status
-- ----------------------------
DROP TABLE IF EXISTS `work_flow_status`;
CREATE TABLE `work_flow_status`  (
  `id` int(0) NOT NULL AUTO_INCREMENT,
  `wfid` int(0) NOT NULL COMMENT '工作流程id',
  `hrid` int(0) NULL DEFAULT NULL COMMENT '审批人id',
  `status` tinyint(0) NULL DEFAULT 0 COMMENT '审批状态 0 未审批 1 批准 2 未批准',
  `content` varchar(255) CHARACTER SET utf8 COLLATE utf8_general_ci NULL DEFAULT NULL COMMENT '审批返回正文',
  `priority` tinyint(0) NULL DEFAULT NULL COMMENT '优先级',
  `approveTime` datetime(0) NULL DEFAULT NULL COMMENT '审批时间',
  PRIMARY KEY (`id`) USING BTREE
) ENGINE = InnoDB AUTO_INCREMENT = 20 CHARACTER SET = utf8 COLLATE = utf8_general_ci COMMENT = '流程申请审核表' ROW_FORMAT = Dynamic;

-- ----------------------------
-- Records of work_flow_status
-- ----------------------------
INSERT INTO `work_flow_status` VALUES (1, 1, 10, 1, '予以批准', NULL, '2021-03-25 14:50:51');
INSERT INTO `work_flow_status` VALUES (2, 1, 11, 0, '', NULL, NULL);
INSERT INTO `work_flow_status` VALUES (3, 1, 12, 0, '', NULL, NULL);
INSERT INTO `work_flow_status` VALUES (4, 2, 10, 2, '不予批准', NULL, '2021-03-04 17:53:55');
INSERT INTO `work_flow_status` VALUES (5, 2, 11, 0, NULL, NULL, NULL);
INSERT INTO `work_flow_status` VALUES (6, 2, 12, 0, NULL, NULL, NULL);
INSERT INTO `work_flow_status` VALUES (7, 3, 10, 1, '予以批准', NULL, '2021-03-17 10:49:01');
INSERT INTO `work_flow_status` VALUES (8, 3, 11, 0, NULL, NULL, NULL);
INSERT INTO `work_flow_status` VALUES (9, 3, 12, 0, NULL, NULL, NULL);
INSERT INTO `work_flow_status` VALUES (10, 4, 10, 0, NULL, NULL, NULL);
INSERT INTO `work_flow_status` VALUES (11, 4, 11, 0, NULL, NULL, NULL);
INSERT INTO `work_flow_status` VALUES (12, 4, 12, 0, NULL, NULL, NULL);
INSERT INTO `work_flow_status` VALUES (13, 5, 10, 0, NULL, NULL, NULL);
INSERT INTO `work_flow_status` VALUES (14, 5, 11, 0, NULL, NULL, NULL);
INSERT INTO `work_flow_status` VALUES (15, 5, 12, 0, NULL, NULL, NULL);
INSERT INTO `work_flow_status` VALUES (16, 6, 10, 1, '予以批准', NULL, '2021-02-04 17:52:46');
INSERT INTO `work_flow_status` VALUES (17, 6, 11, 0, NULL, NULL, NULL);
INSERT INTO `work_flow_status` VALUES (18, 6, 12, 0, NULL, NULL, NULL);
INSERT INTO `work_flow_status` VALUES (19, 7, 5, 0, NULL, NULL, NULL);
INSERT INTO `work_flow_status` VALUES (20, 7, 12, 0, NULL, NULL, NULL);

-- ----------------------------
-- Table structure for work_flow_type
-- ----------------------------
DROP TABLE IF EXISTS `work_flow_type`;
CREATE TABLE `work_flow_type`  (
  `id` int(0) NOT NULL AUTO_INCREMENT,
  `typeName` varchar(255) CHARACTER SET utf8 COLLATE utf8_general_ci NULL DEFAULT NULL COMMENT '申请类型名称',
  PRIMARY KEY (`id`) USING BTREE
) ENGINE = InnoDB AUTO_INCREMENT = 6 CHARACTER SET = utf8 COLLATE = utf8_general_ci COMMENT = '流程类型表' ROW_FORMAT = Dynamic;

-- ----------------------------
-- Records of work_flow_type
-- ----------------------------
INSERT INTO `work_flow_type` VALUES (1, '报销申请');
INSERT INTO `work_flow_type` VALUES (2, '出差申请');
INSERT INTO `work_flow_type` VALUES (3, '请假申请');
INSERT INTO `work_flow_type` VALUES (4, '加班申请');
INSERT INTO `work_flow_type` VALUES (5, '转正申请');
INSERT INTO `work_flow_type` VALUES (6, '离职申请');

SET FOREIGN_KEY_CHECKS = 1;
